Country,1990,1991,1992,1993,1994,1995,1996,1997,1998,1999,2000,2001,2002,2003,2004,2005,2006,2008,2009,2010,2011,2012,2013,2014,2015,2016,2017,2018,2019,2020,2021
Afghanistan,,,,,,,,,,,,,,,,,,,,,,,,16000.0,1000.0,386000.0,,71000.0,58000.0,46000.0,17000.0
Albania,,,,,,,75000.0,0.0,22000.0,0.0,0.0,0.0,0.0,0.0,0.0,3000.0,5000.0,4000.0,0.0,3000.0,0.0,15000.0,26000.0,,,4000.0,,,,51000.0,65000.0
Algeria,0.0,0.0,0.0,0.0,0.0,0.0,0.0,0.0,0.0,5000.0,12000.0,1000.0,0.0,1000.0,0.0,0.0,1000.0,0.0,0.0,0.0,1000.0,0.0,16000.0,,0.0,2000.0,4000.0,15000.0,15000.0,3000.0,27000.0
Angola,0.0,0.0,0.0,0.0,0.0,0.0,0.0,0.0,0.0,0.0,0.0,0.0,0.0,221000.0,221000.0,221000.0,221000.0,221000.0,221000.0,221000.0,221000.0,221000.0,0.0,0.0,20000.0,3000.0,2000.0,10000.0,17000.0,31000.0,8000.0
Antigua and Barbuda,,,,,,,,,,,,,,,,,,,,,0.0,183000.0,0.0,0.0,0.0,0.0,,,0.0,1000.0,65000.0
Argentina,35726000.0,27661000.0,28530000.0,39150000.0,38072000.0,31923000.0,25736000.0,45111000.0,55560000.0,39262000.0,38448000.0,41981000.0,40258000.0,34119000.0,40512000.0,45676000.0,50784000.0,63567000.0,72523000.0,94475000.0,105247000.0,106461000.0,116773000.0,115076000.0,99963000.0,97032000.0,95627000.0,90511000.0,87688000.0,75365000.0,68785000.0
Armenia,,,,,,3000.0,0.0,0.0,0.0,12000.0,1000.0,0.0,0.0,0.0,0.0,3000.0,4000.0,0.0,0.0,7000.0,2000.0,88000.0,79000.0,150000.0,258000.0,86000.0,98000.0,87000.0,55000.0,65000.0,129000.0
Australia,1588000.0,1489000.0,1438000.0,2290000.0,4563000.0,6946000.0,10302000.0,10581000.0,9014000.0,6884000.0,6347000.0,3662000.0,3286000.0,3797000.0,2942000.0,3901000.0,3315000.0,4488000.0,5945000.0,7242000.0,7221000.0,6128000.0,8764000.0,9209000.0,5888000.0,8600000.0,8927000.0,8193000.0,8219000.0,7036000.0,8104000.0
Austria,3467000.0,2097000.0,2304000.0,3528000.0,5557000.0,6366000.0,3115000.0,3932000.0,2668000.0,3046000.0,1923000.0,2421000.0,2836000.0,3710000.0,4343000.0,6035000.0,11996000.0,16566000.0,15974000.0,17306000.0,16883000.0,16094000.0,17997000.0,17830000.0,12100000.0,10551000.0,8548000.0,10100000.0,8885000.0,12457000.0,11426000.0
Azerbaijan,,,,2000.0,2324000.0,744000.0,990000.0,2529000.0,1900000.0,4095000.0,2043000.0,3144000.0,5096000.0,3936000.0,18578000.0,14097000.0,17996000.0,18640000.0,26938000.0,32987000.0,32284000.0,37431000.0,44343000.0,31245000.0,,,,9374000.0,9510000.0,9461000.0,8492000.0
Bahamas,,,,,,,,,,,128000.0,160000.0,63000.0,4000.0,0.0,0.0,0.0,1000.0,7000.0,0.0,0.0,0.0,0.0,,,0.0,0.0,1000.0,0.0,,5000.0
Bahrain,0.0,0.0,0.0,0.0,0.0,0.0,0.0,0.0,0.0,0.0,,,85000.0,182000.0,579000.0,74000.0,70000.0,24000.0,11000.0,72000.0,238000.0,24000.0,15000.0,142000.0,22000.0,168000.0,635000.0,138000.0,249000.0,110000.0,94000.0
Bangladesh,36018000.0,43088000.0,33706000.0,40433000.0,41744000.0,32838000.0,30099000.0,31742000.0,45155000.0,39585000.0,15761000.0,6500000.0,4652000.0,8223000.0,12168000.0,15218000.0,10331000.0,10771000.0,9042000.0,4289000.0,2594000.0,2445000.0,1604000.0,3942000.0,1547000.0,2069000.0,4527000.0,2719000.0,3010000.0,3958000.0,2469000.0
Barbados,0.0,0.0,0.0,0.0,5000.0,13000.0,115000.0,379000.0,546000.0,476000.0,476000.0,369000.0,38000.0,0.0,0.0,61000.0,29000.0,11000.0,12000.0,13000.0,9000.0,28000.0,44000.0,42000.0,48000.0,114000.0,33000.0,39000.0,38000.0,36000.0,30000.0
Belarus,,,,,,19000.0,37000.0,200000.0,1717000.0,1117000.0,1450000.0,854000.0,811000.0,782000.0,490000.0,276000.0,355000.0,77000.0,14000.0,118000.0,473000.0,2050000.0,2702000.0,207000.0,171000.0,268000.0,323000.0,585000.0,986000.0,2146000.0,3540000.0
Belgium,,,,,,,,,,,44705000.0,32610000.0,49151000.0,56475000.0,49016000.0,43431000.0,65351000.0,76836000.0,73749000.0,83062000.0,100620000.0,91974000.0,94629000.0,91911000.0,82640000.0,83111000.0,85951000.0,76667000.0,69119000.0,48040000.0,45654000.0
Belgium-Luxembourg,15190000.0,18292000.0,24603000.0,25763000.0,31036000.0,23840000.0,33301000.0,34492000.0,44062000.0,42335000.0,,,,,,,,,,,,,,,,,,,,,
Belize,131000.0,61000.0,54000.0,11000.0,13000.0,0.0,12000.0,3000.0,3000.0,3000.0,1347000.0,0.0,0.0,6000.0,0.0,17000.0,0.0,0.0,0.0,0.0,9000.0,0.0,0.0,0.0,,,,1000.0,2000.0,2000.0,2000.0
Benin,,,,,,,,,,,,,,,,,,,,,,0.0,0.0,,12000.0,0.0,,262000.0,,,
Bhutan,,,,,,,,1000.0,1000.0,1000.0,1000.0,1000.0,1000.0,0.0,0.0,0.0,25000.0,0.0,0.0,0.0,0.0,1000.0,1000.0,3000.0,,1000.0,0.0,,1000.0,2000.0,14000.0
Bolivia (Plurinational State of),,,,,,,,,,,12000.0,17000.0,0.0,6000.0,53000.0,162000.0,99000.0,133000.0,105000.0,139000.0,229000.0,136000.0,118000.0,110000.0,124000.0,132000.0,117000.0,143000.0,13000.0,0.0,3000.0
Bosnia and Herzegovina,,,,,,,,,,,,,,50000.0,19000.0,73000.0,153000.0,43000.0,79000.0,108000.0,18000.0,20000.0,32000.0,5000.0,6000.0,12000.0,7000.0,9000.0,19000.0,255000.0,47000.0
Botswana,29000.0,35000.0,22000.0,6000.0,20000.0,6000.0,112000.0,94000.0,78000.0,69000.0,162000.0,27000.0,24000.0,76000.0,0.0,0.0,0.0,57000.0,39000.0,46000.0,28000.0,85000.0,16000.0,9000.0,7000.0,10000.0,12000.0,7000.0,5000.0,0.0,8000.0
Brazil,10424000.0,9657000.0,9737000.0,10705000.0,10481000.0,9399000.0,6505000.0,6293000.0,6496000.0,5339000.0,6512000.0,6455000.0,5553000.0,5693000.0,5471000.0,5810000.0,5776000.0,6708000.0,6531000.0,8550000.0,8595000.0,6893000.0,3972000.0,4030000.0,3488000.0,2954000.0,2656000.0,1992000.0,1839000.0,1428000.0,1132000.0
Brunei Darussalam,40000.0,0.0,0.0,0.0,0.0,0.0,0.0,0.0,11000.0,70000.0,80000.0,60000.0,0.0,0.0,0.0,0.0,6000.0,29000.0,106000.0,106000.0,106000.0,106000.0,14000.0,1000.0,0.0,4000.0,12000.0,16000.0,7000.0,13000.0,23000.0
Bulgaria,,,,345000.0,733000.0,93000.0,140000.0,71000.0,122000.0,130000.0,140000.0,2039000.0,98000.0,38000.0,62000.0,66000.0,80000.0,270000.0,34000.0,107000.0,129000.0,211000.0,198000.0,193000.0,778000.0,2625000.0,3452000.0,4474000.0,2770000.0,646000.0,482000.0
Burkina Faso,0.0,0.0,0.0,0.0,0.0,0.0,0.0,0.0,0.0,0.0,0.0,0.0,1000.0,2000.0,0.0,2000.0,10000.0,5000.0,0.0,40000.0,0.0,0.0,6000.0,7000.0,,44000.0,1000.0,1000.0,0.0,6000.0,7000.0
Burundi,6697000.0,8396000.0,9141000.0,8853000.0,10857000.0,9635000.0,5441000.0,9046000.0,1285000.0,1183000.0,3009000.0,6811000.0,584000.0,566000.0,1221000.0,829000.0,2745000.0,6780000.0,7596000.0,10023000.0,10122000.0,14436000.0,14384000.0,13472000.0,14059000.0,13844000.0,26620000.0,26058000.0,22029000.0,21554000.0,24124000.0
Cabo Verde,,,,,,,,,0.0,0.0,0.0,0.0,0.0,0.0,0.0,1000.0,2000.0,0.0,0.0,0.0,0.0,0.0,0.0,1000.0,2000.0,,,,,,0.0
Cambodia,0.0,0.0,0.0,0.0,0.0,0.0,0.0,0.0,0.0,0.0,0.0,0.0,3000.0,6000.0,0.0,0.0,0.0,0.0,0.0,3000.0,1000.0,0.0,0.0,,1000.0,2000.0,21000.0,10000.0,4000.0,1000.0,2000.0
Cameroon,6657000.0,107000.0,0.0,159000.0,1000.0,435000.0,130000.0,0.0,0.0,1000.0,17000.0,0.0,0.0,2000.0,0.0,212000.0,51000.0,40000.0,15000.0,9000.0,32000.0,1000.0,3000.0,24000.0,38000.0,45000.0,13000.0,20000.0,180000.0,9000.0,25000.0
Canada,1356000.0,1919000.0,2553000.0,2514000.0,2745000.0,3160000.0,3933000.0,4028000.0,4772000.0,4360000.0,5663000.0,7063000.0,7251000.0,9751000.0,14544000.0,20522000.0,24383000.0,34227000.0,34124000.0,36994000.0,35663000.0,35010000.0,32196000.0,27475000.0,30910000.0,35998000.0,45208000.0,41376000.0,44218000.0,44065000.0,31119000.0
Central African Republic,0.0,0.0,0.0,0.0,0.0,0.0,0.0,0.0,0.0,0.0,22000.0,0.0,0.0,0.0,0.0,0.0,0.0,0.0,0.0,0.0,0.0,0.0,0.0,,,,,,,,
Chad,0.0,0.0,0.0,0.0,0.0,0.0,0.0,0.0,0.0,60000.0,35000.0,200000.0,200000.0,57000.0,63000.0,63000.0,129000.0,28000.0,28000.0,28000.0,28000.0,28000.0,21000.0,31000.0,18000.0,2000.0,9000.0,9000.0,,,0.0
Chile,614000.0,977000.0,1023000.0,964000.0,1710000.0,1827000.0,1414000.0,1406000.0,908000.0,878000.0,941000.0,3495000.0,4300000.0,4028000.0,3802000.0,4608000.0,5576000.0,4173000.0,3688000.0,3206000.0,3467000.0,3563000.0,3090000.0,3718000.0,3061000.0,3764000.0,4479000.0,4450000.0,3899000.0,3184000.0,4476000.0
China,461864000.0,441351000.0,444429000.0,425194000.0,365306000.0,337197000.0,346334000.0,387913000.0,413140000.0,381289000.0,391367000.0,379488000.0,361584000.0,396300000.0,464925000.0,508976000.0,572748000.0,713011000.0,735647000.0,827740000.0,1016219000.0,1100288000.0,1313091000.0,1339610000.0,1458172000.0,1576117000.0,1738862000.0,1959249000.0,2228910000.0,2183913000.0,2462496000.0
"China, Hong Kong SAR",30680000.0,45533000.0,63920000.0,47759000.0,49832000.0,43610000.0,42348000.0,35432000.0,28325000.0,25588000.0,26678000.0,20846000.0,13469000.0,10872000.0,10982000.0,8685000.0,9089000.0,11781000.0,10801000.0,19275000.0,20013000.0,20883000.0,24491000.0,23441000.0,21896000.0,27364000.0,38367000.0,61375000.0,78330000.0,45585000.0,49127000.0
"China, Macao SAR",175000.0,377000.0,443000.0,580000.0,67000.0,86000.0,213000.0,162000.0,160000.0,350000.0,337000.0,294000.0,301000.0,270000.0,271000.0,482000.0,541000.0,607000.0,913000.0,859000.0,0.0,894000.0,900000.0,324000.0,775000.0,,866000.0,378000.0,,,807000.0
"China, Taiwan Province of",18300000.0,19383000.0,18173000.0,21176000.0,21057000.0,18752000.0,21273000.0,19844000.0,14860000.0,17013000.0,17181000.0,16320000.0,16053000.0,17971000.0,16827000.0,15598000.0,16203000.0,18375000.0,18986000.0,23461000.0,31126000.0,36395000.0,41392000.0,43182000.0,53971000.0,63731000.0,89669000.0,112132000.0,124793000.0,100346000.0,113370000.0
"China, mainland",412709000.0,376058000.0,361893000.0,355679000.0,294350000.0,274749000.0,282500000.0,332475000.0,369795000.0,338338000.0,347170000.0,342028000.0,331761000.0,367187000.0,436845000.0,484211000.0,546915000.0,682248000.0,704947000.0,784145000.0,965080000.0,1042116000.0,1246308000.0,1272663000.0,1381530000.0,1485022000.0,1609960000.0,1785365000.0,2025787000.0,2037982000.0,2299193000.0
Colombia,0.0,74000.0,21000.0,5000.0,0.0,0.0,13000.0,0.0,0.0,26000.0,0.0,6000.0,21000.0,41000.0,7000.0,83000.0,90000.0,323000.0,207000.0,290000.0,189000.0,393000.0,1028000.0,1140000.0,976000.0,1256000.0,1601000.0,1778000.0,2170000.0,2489000.0,2639000.0
Comoros,,,,,,,,2000.0,,,,0.0,0.0,0.0,0.0,0.0,37000.0,0.0,0.0,0.0,0.0,0.0,0.0,,,,,,1000.0,,
Congo,0.0,0.0,0.0,0.0,0.0,0.0,0.0,0.0,0.0,0.0,32000.0,60000.0,19000.0,0.0,0.0,4000.0,16000.0,322000.0,0.0,0.0,210000.0,75000.0,43000.0,7000.0,,1000.0,,1000.0,,,
Cook Islands,,,,,,,,,,,,,,,,,,,,,,,,0.0,,,0.0,1000.0,,0.0,
Costa Rica,0.0,23000.0,554000.0,3441000.0,6000.0,8000.0,10000.0,36000.0,23000.0,0.0,5000.0,33000.0,250000.0,177000.0,171000.0,164000.0,155000.0,267000.0,347000.0,379000.0,547000.0,820000.0,696000.0,720000.0,853000.0,713000.0,911000.0,870000.0,656000.0,1990000.0,1039000.0
Croatia,,,383000.0,130000.0,818000.0,673000.0,623000.0,202000.0,236000.0,179000.0,79000.0,97000.0,181000.0,203000.0,236000.0,245000.0,199000.0,317000.0,536000.0,513000.0,546000.0,575000.0,646000.0,602000.0,565000.0,462000.0,522000.0,519000.0,680000.0,701000.0,862000.0
Cuba,,,,,,,,,,,,,,,,,,,,,,,,0.0,0.0,0.0,,0.0,1000.0,,10000.0
Cyprus,5000.0,32000.0,41000.0,248000.0,204000.0,90000.0,539000.0,1021000.0,162000.0,70000.0,1000.0,0.0,0.0,34000.0,26000.0,7000.0,0.0,219000.0,12000.0,11000.0,24000.0,8000.0,7000.0,0.0,4000.0,7000.0,16000.0,18000.0,6000.0,369000.0,6000.0
Czechia,,,,1628000.0,2368000.0,1452000.0,1450000.0,1327000.0,1900000.0,1320000.0,1105000.0,1276000.0,1092000.0,971000.0,1279000.0,1533000.0,2207000.0,7963000.0,4779000.0,6143000.0,6747000.0,7104000.0,7761000.0,13894000.0,10004000.0,11151000.0,12344000.0,8642000.0,7694000.0,8457000.0,11131000.0
Czechoslovakia,605000.0,30000.0,0.0,,,,,,,,,,,,,,,,,,,,,,,,,,,,
Côte d'Ivoire,0.0,0.0,0.0,0.0,0.0,369000.0,947000.0,1051000.0,1401000.0,1757000.0,1353000.0,44204000.0,1379000.0,1263000.0,769000.0,1145000.0,2110000.0,4003000.0,2470000.0,1164000.0,1285000.0,1463000.0,1251000.0,1010000.0,358000.0,190000.0,129000.0,104000.0,140000.0,282000.0,139000.0
Democratic People's Republic of Korea,,,,,,,,,,,,,,,,,,,,,,,,0.0,0.0,0.0,0.0,,11000.0,1000.0,1000.0
Democratic Republic of the Congo,3000000.0,1475000.0,630000.0,1750000.0,1300000.0,400000.0,1100000.0,940000.0,100000.0,80000.0,220000.0,20000.0,80000.0,234000.0,80000.0,445000.0,199000.0,7000.0,7000.0,46000.0,90000.0,190000.0,18000.0,15000.0,20000.0,310000.0,300000.0,130000.0,,1000.0,18000.0
Denmark,1528000.0,1707000.0,1690000.0,1298000.0,1491000.0,913000.0,1478000.0,2820000.0,3332000.0,3086000.0,2945000.0,3298000.0,4069000.0,3216000.0,3238000.0,4783000.0,3954000.0,8225000.0,7293000.0,7977000.0,9813000.0,10231000.0,11244000.0,8487000.0,6451000.0,6254000.0,6257000.0,9236000.0,6889000.0,6830000.0,8899000.0
Djibouti,0.0,1000.0,0.0,0.0,0.0,0.0,0.0,0.0,2884000.0,0.0,0.0,61000.0,888000.0,160000.0,296000.0,47000.0,8000.0,0.0,0.0,0.0,0.0,42000.0,32000.0,1000.0,4000.0,312000.0,666000.0,687000.0,950000.0,1245000.0,1249000.0
Dominica,,,,,,9000.0,1000.0,3000.0,3000.0,3000.0,1000.0,0.0,1000.0,0.0,1000.0,0.0,1000.0,2000.0,2000.0,1000.0,0.0,0.0,0.0,1000.0,4000.0,2000.0,4000.0,,0.0,0.0,3000.0
Dominican Republic,,,,,,,,,,,,,,,,,,,,,,4000.0,38000.0,14000.0,26000.0,14000.0,32000.0,11000.0,69000.0,3000.0,41000.0
Ecuador,1383000.0,1623000.0,1605000.0,1831000.0,1583000.0,1158000.0,1257000.0,1379000.0,1688000.0,1291000.0,1246000.0,1365000.0,1203000.0,1161000.0,1126000.0,1120000.0,838000.0,796000.0,1011000.0,1133000.0,953000.0,1068000.0,1254000.0,1365000.0,1594000.0,1341000.0,1511000.0,1440000.0,1139000.0,1337000.0,1450000.0
Egypt,41000.0,50000.0,76000.0,732000.0,1419000.0,1185000.0,2304000.0,2729000.0,1943000.0,1375000.0,4889000.0,5427000.0,8821000.0,8942000.0,7131000.0,9526000.0,12454000.0,8909000.0,26411000.0,12793000.0,22936000.0,24445000.0,23336000.0,16680000.0,15602000.0,15949000.0,7168000.0,6735000.0,7958000.0,6654000.0,7959000.0
El Salvador,29000.0,87000.0,100000.0,117000.0,206000.0,238000.0,460000.0,897000.0,1505000.0,1651000.0,851000.0,799000.0,877000.0,558000.0,347000.0,511000.0,454000.0,1961000.0,360000.0,100000.0,26000.0,44000.0,71000.0,34000.0,43000.0,39000.0,147000.0,20000.0,99000.0,12000.0,60000.0
Equatorial Guinea,,,,,,,,,,,,,,,,,,,,,,,,0.0,,,,0.0,,,
Eritrea,,,,,,,,,,,,,,,,,,,,,,,,,0.0,,,,,,
Estonia,,,,184000.0,750000.0,452000.0,1102000.0,1069000.0,2655000.0,195000.0,167000.0,363000.0,139000.0,171000.0,43000.0,120000.0,56000.0,178000.0,193000.0,261000.0,297000.0,426000.0,828000.0,542000.0,534000.0,473000.0,325000.0,427000.0,382000.0,358000.0,704000.0
Eswatini,,,,,,,,62000.0,45000.0,32000.0,40000.0,388000.0,338000.0,380000.0,839000.0,654000.0,188000.0,10000.0,10000.0,10000.0,10000.0,10000.0,4000.0,17000.0,12000.0,19000.0,0.0,0.0,0.0,1000.0,1000.0
Ethiopia,,,,,317000.0,125000.0,350000.0,240000.0,941000.0,55000.0,1500000.0,450000.0,489000.0,2069000.0,1941000.0,1560000.0,743000.0,1044000.0,964000.0,843000.0,1343000.0,704000.0,808000.0,2287000.0,2238000.0,3898000.0,3839000.0,1931000.0,2109000.0,3244000.0,2425000.0
Ethiopia PDR,21000.0,0.0,0.0,,,,,,,,,,,,,,,,,,,,,,,,,,,,
Faroe Islands,,,,,,,,,,,,,,,,,,,,,,,,,0.0,,,0.0,,0.0,0.0
Fiji,202000.0,108000.0,144000.0,105000.0,77000.0,70000.0,70000.0,60000.0,70000.0,70000.0,45000.0,62000.0,83000.0,36000.0,59000.0,85000.0,40000.0,247000.0,188000.0,280000.0,37000.0,22000.0,356000.0,464000.0,311000.0,315000.0,292000.0,480000.0,518000.0,433000.0,412000.0
Finland,83000.0,94000.0,311000.0,915000.0,3304000.0,4607000.0,9476000.0,8265000.0,1960000.0,1344000.0,2236000.0,1676000.0,744000.0,598000.0,1001000.0,888000.0,1061000.0,1222000.0,865000.0,1089000.0,1249000.0,1298000.0,1637000.0,1397000.0,465000.0,455000.0,461000.0,384000.0,472000.0,1004000.0,1389000.0
France,17939000.0,14305000.0,16563000.0,15635000.0,24316000.0,33766000.0,35229000.0,26709000.0,32488000.0,31917000.0,29547000.0,33709000.0,34858000.0,42174000.0,42186000.0,38128000.0,41235000.0,52027000.0,51353000.0,51216000.0,48936000.0,51938000.0,64320000.0,65665000.0,57446000.0,56233000.0,60622000.0,62935000.0,58164000.0,52988000.0,62113000.0
French Polynesia,,,,,,,,,,,,,,15000.0,8000.0,13000.0,15000.0,34000.0,25000.0,17000.0,9000.0,26000.0,45000.0,49000.0,24000.0,26000.0,19000.0,15000.0,15000.0,8000.0,4000.0
Gabon,,,,,,,,0.0,,,5000.0,,,,21000.0,23000.0,0.0,0.0,0.0,0.0,0.0,0.0,0.0,0.0,1000.0,,,0.0,4000.0,1000.0,0.0
Gambia,,,,,,34000.0,34000.0,34000.0,34000.0,73000.0,7000.0,2000.0,1000.0,1000.0,24000.0,1000.0,7000.0,0.0,3187000.0,98000.0,1637000.0,1804000.0,1391000.0,970000.0,267000.0,460000.0,248000.0,2000.0,4000.0,,
Georgia,,,,22000000.0,3900000.0,3500000.0,16860000.0,3872000.0,7462000.0,11395000.0,6089000.0,5793000.0,4655000.0,4365000.0,3739000.0,3095000.0,1834000.0,1455000.0,2112000.0,1186000.0,2445000.0,2458000.0,2251000.0,2329000.0,1856000.0,1573000.0,2415000.0,3583000.0,4403000.0,5153000.0,4731000.0
Germany,49708000.0,42397000.0,43923000.0,57193000.0,60689000.0,65883000.0,66786000.0,73441000.0,71589000.0,67732000.0,71349000.0,72195000.0,88891000.0,105188000.0,131929000.0,138358000.0,157506000.0,207227000.0,186395000.0,194718000.0,229383000.0,222923000.0,249052000.0,248354000.0,215570000.0,235441000.0,250145000.0,258322000.0,247109000.0,226462000.0,241250000.0
Ghana,,,,,,,9000.0,0.0,4000.0,4000.0,0.0,5000.0,541000.0,128000.0,47000.0,55000.0,91000.0,76000.0,93000.0,0.0,88000.0,13000.0,283000.0,432000.0,55000.0,14000.0,310000.0,48000.0,97000.0,59000.0,43000.0
Greece,121000.0,53000.0,285000.0,479000.0,200000.0,105000.0,105000.0,113000.0,138000.0,123000.0,52000.0,279000.0,164000.0,247000.0,154000.0,243000.0,265000.0,360000.0,875000.0,1475000.0,1220000.0,1213000.0,1035000.0,724000.0,825000.0,861000.0,852000.0,1549000.0,885000.0,647000.0,631000.0
Grenada,,,,,,74000.0,,,,,,,0.0,0.0,0.0,0.0,1000.0,2000.0,2000.0,0.0,0.0,0.0,0.0,0.0,0.0,0.0,2000.0,8000.0,4000.0,0.0,5000.0
Guatemala,196000.0,342000.0,388000.0,599000.0,476000.0,315000.0,392000.0,293000.0,204000.0,205000.0,122000.0,175000.0,110000.0,114000.0,218000.0,297000.0,368000.0,387000.0,298000.0,210000.0,127000.0,142000.0,109000.0,198000.0,142000.0,241000.0,227000.0,241000.0,240000.0,225000.0,239000.0
Guinea,,,,,,,,,,,,,,,,,,,,,,,,,1000.0,,1000.0,32000.0,39000.0,4000.0,1000.0
Guinea-Bissau,,,,,,,,,,,,,,,,,,,,,,,,1000.0,0.0,0.0,0.0,0.0,3000.0,,
Guyana,,,,,,,,,,,2000.0,26000.0,2000.0,1000.0,2000.0,0.0,6000.0,12000.0,98000.0,10000.0,243000.0,23000.0,40000.0,282000.0,159000.0,39000.0,5000.0,2000.0,2000.0,2000.0,0.0
Haiti,,,,,,,,,,,,,,,,,,,,,,,,1000.0,8000.0,1000.0,1000.0,0.0,0.0,6000.0,33000.0
Honduras,0.0,0.0,14000.0,0.0,0.0,0.0,0.0,0.0,193000.0,250000.0,14000.0,1000.0,2000.0,1000.0,1000.0,1000.0,3000.0,0.0,0.0,0.0,0.0,0.0,0.0,1000.0,,19000.0,287000.0,68000.0,0.0,0.0,1000.0
Hungary,1057000.0,168000.0,451000.0,1609000.0,8132000.0,4570000.0,4522000.0,2988000.0,3883000.0,2411000.0,2978000.0,3985000.0,5049000.0,7929000.0,9642000.0,11115000.0,14496000.0,19016000.0,14217000.0,15559000.0,21726000.0,17117000.0,15571000.0,17595000.0,733000.0,530000.0,641000.0,650000.0,681000.0,795000.0,1037000.0
Iceland,,,,,,,,1000.0,0.0,0.0,0.0,0.0,0.0,0.0,0.0,0.0,0.0,2000.0,0.0,2000.0,1000.0,0.0,0.0,8000.0,2000.0,7000.0,2000.0,11000.0,4000.0,6000.0,9000.0
India,594191000.0,490292000.0,360933000.0,331845000.0,308399000.0,359054000.0,282579000.0,497239000.0,518258000.0,406106000.0,431596000.0,367207000.0,326629000.0,333408000.0,377742000.0,372628000.0,407375000.0,590226000.0,583803000.0,694661000.0,867143000.0,685600000.0,819630000.0,656214000.0,677933000.0,661719000.0,768194000.0,766112000.0,813746000.0,692074000.0,687890000.0
Indonesia,181015000.0,143122000.0,140823000.0,155697000.0,96181000.0,87719000.0,112343000.0,88838000.0,113208000.0,97141000.0,112106000.0,99967000.0,103426000.0,95816000.0,116018000.0,121496000.0,134515000.0,158959000.0,171628000.0,178549000.0,166717000.0,156741000.0,157501000.0,134584000.0,126051000.0,113107000.0,114232000.0,108418000.0,93264000.0,96325000.0,89185000.0
Iran (Islamic Republic of),180000.0,0.0,0.0,0.0,552000.0,0.0,0.0,4190000.0,6199000.0,11278000.0,12218000.0,6254000.0,6194000.0,6550000.0,8257000.0,12699000.0,35432000.0,20664000.0,8530000.0,18498000.0,17608000.0,11368000.0,13373000.0,38010000.0,8623000.0,20578000.0,19392000.0,19848000.0,14000000.0,15000000.0,11442000.0
Iraq,,,,,,,,,,,,,,,,,,,,,,,,,,,181000.0,0.0,6000.0,9000.0,94000.0
Ireland,4902000.0,5541000.0,2988000.0,1026000.0,864000.0,736000.0,1520000.0,2545000.0,5852000.0,5823000.0,2244000.0,2919000.0,2533000.0,4829000.0,3406000.0,3806000.0,2390000.0,4226000.0,2562000.0,7993000.0,10707000.0,9716000.0,7430000.0,7182000.0,5552000.0,5756000.0,7015000.0,6775000.0,9617000.0,7191000.0,7736000.0
Israel,35000.0,25000.0,468000.0,367000.0,270000.0,246000.0,91000.0,89000.0,88000.0,131000.0,508000.0,317000.0,161000.0,383000.0,1292000.0,1638000.0,2039000.0,2591000.0,2010000.0,3057000.0,2371000.0,1638000.0,2949000.0,3108000.0,2225000.0,3089000.0,1800000.0,2460000.0,3095000.0,3254000.0,3225000.0
Italy,4918000.0,5741000.0,3693000.0,881000.0,1423000.0,1712000.0,2102000.0,1121000.0,1356000.0,3320000.0,2229000.0,2822000.0,2713000.0,4084000.0,3981000.0,5770000.0,10743000.0,8548000.0,7397000.0,9522000.0,11628000.0,5446000.0,6077000.0,5841000.0,6003000.0,6011000.0,6107000.0,7496000.0,7107000.0,4742000.0,5815000.0
Jamaica,50000.0,44000.0,0.0,0.0,0.0,0.0,0.0,0.0,0.0,245000.0,0.0,521000.0,295000.0,471000.0,200000.0,168000.0,446000.0,489000.0,932000.0,1607000.0,555000.0,1772000.0,2326000.0,2784000.0,1866000.0,2439000.0,4260000.0,3443000.0,3096000.0,3956000.0,1785000.0
Japan,3009000.0,3660000.0,3887000.0,4996000.0,5503000.0,7813000.0,7469000.0,8150000.0,9439000.0,11936000.0,11178000.0,9972000.0,11839000.0,13763000.0,16732000.0,20008000.0,27515000.0,33474000.0,37268000.0,50241000.0,60263000.0,64486000.0,69656000.0,75208000.0,85944000.0,108921000.0,129883000.0,142440000.0,137108000.0,154401000.0,189792000.0
Jordan,491000.0,3039000.0,655000.0,174000.0,1006000.0,395000.0,691000.0,214000.0,319000.0,639000.0,338000.0,408000.0,316000.0,1022000.0,461000.0,200000.0,291000.0,1305000.0,1744000.0,489000.0,1889000.0,1177000.0,1103000.0,2082000.0,8977000.0,19252000.0,18483000.0,22544000.0,22572000.0,20851000.0,33254000.0
Kazakhstan,,,,,,348000.0,447000.0,156000.0,10000.0,200000.0,228000.0,102000.0,288000.0,302000.0,364000.0,654000.0,706000.0,2180000.0,1680000.0,1000000.0,3833000.0,6122000.0,7194000.0,7387000.0,8513000.0,9486000.0,8886000.0,11782000.0,12205000.0,18971000.0,16987000.0
Kenya,276764000.0,274863000.0,297775000.0,347432000.0,302590000.0,373212000.0,396861000.0,410141000.0,627138000.0,459026000.0,461938000.0,448677000.0,500000000.0,481485000.0,463726000.0,566875000.0,661491000.0,934921000.0,894027000.0,1165137000.0,858250000.0,635621000.0,1218039000.0,685148000.0,792131000.0,1229238000.0,1424682000.0,1370491000.0,1113518000.0,1224063000.0,1192788000.0
Kiribati,,,,,,,,,,,,,,,,,,,,,,,,,,,,,7000.0,,6000.0
Kuwait,466000.0,1384000.0,228000.0,212000.0,821000.0,1345000.0,745000.0,1749000.0,2217000.0,3338000.0,2045000.0,1441000.0,97000.0,3000.0,24000.0,3000.0,49000.0,4000.0,1882000.0,81000.0,3000.0,3000.0,3366000.0,3806000.0,3048000.0,2009000.0,4191000.0,3868000.0,246000.0,3113000.0,107000.0
Kyrgyzstan,,,,,,,672000.0,1241000.0,1645000.0,373000.0,597000.0,432000.0,2070000.0,2495000.0,2769000.0,1086000.0,284000.0,248000.0,235000.0,444000.0,1078000.0,1421000.0,330000.0,79000.0,529000.0,407000.0,780000.0,905000.0,586000.0,730000.0,277000.0
Lao People's Democratic Republic,,,,,,,,,,,,,,,,,,,,,,,,912000.0,541000.0,593000.0,690000.0,886000.0,1516000.0,1326000.0,3767000.0
Latvia,,,0.0,119000.0,407000.0,406000.0,215000.0,158000.0,598000.0,713000.0,295000.0,524000.0,234000.0,434000.0,351000.0,388000.0,530000.0,2069000.0,2898000.0,8481000.0,7210000.0,5982000.0,5485000.0,5815000.0,5317000.0,7752000.0,4515000.0,4567000.0,4064000.0,4464000.0,4808000.0
Lebanon,0.0,0.0,0.0,0.0,0.0,0.0,0.0,125000.0,179000.0,129000.0,176000.0,125000.0,247000.0,379000.0,455000.0,358000.0,439000.0,1270000.0,1992000.0,1856000.0,1768000.0,1502000.0,1893000.0,2053000.0,1709000.0,1831000.0,1805000.0,3656000.0,1810000.0,1306000.0,455000.0
Lesotho,,,,,,,,,,,,,,,,,,,,,,,,11000.0,2000.0,505000.0,788000.0,412000.0,621000.0,463000.0,0.0
Liberia,0.0,0.0,0.0,320000.0,15000.0,0.0,0.0,0.0,0.0,0.0,0.0,0.0,22000.0,14000.0,42000.0,600000.0,1054000.0,0.0,0.0,0.0,0.0,0.0,11000.0,91000.0,3000.0,,1000.0,0.0,176000.0,1000.0,0.0
Libya,0.0,0.0,0.0,0.0,0.0,0.0,0.0,0.0,102000.0,2000.0,5000.0,5000.0,0.0,0.0,0.0,0.0,0.0,0.0,0.0,9000.0,0.0,0.0,93000.0,180000.0,0.0,293000.0,293000.0,,,0.0,1000.0
Lithuania,,,0.0,0.0,683000.0,1056000.0,1680000.0,1792000.0,3147000.0,2130000.0,1546000.0,1729000.0,1715000.0,1502000.0,1438000.0,1636000.0,2133000.0,3958000.0,3950000.0,5434000.0,6471000.0,5364000.0,6541000.0,8412000.0,9073000.0,5153000.0,5219000.0,4828000.0,4497000.0,4483000.0,4376000.0
Luxembourg,,,,,,,,,,,86000.0,382000.0,509000.0,704000.0,347000.0,292000.0,178000.0,107000.0,100000.0,140000.0,143000.0,130000.0,111000.0,368000.0,613000.0,1464000.0,2517000.0,788000.0,501000.0,503000.0,1746000.0
Madagascar,20000.0,168000.0,196000.0,292000.0,195000.0,151000.0,192000.0,477000.0,368000.0,328000.0,438000.0,434000.0,380000.0,401000.0,132000.0,283000.0,420000.0,275000.0,334000.0,302000.0,378000.0,235000.0,234000.0,108000.0,146000.0,126000.0,94000.0,64000.0,12000.0,105000.0,36000.0
Malawi,45552000.0,35895000.0,35442000.0,35587000.0,29907000.0,26562000.0,23075000.0,42790000.0,42425000.0,38000000.0,37800000.0,34088000.0,37044000.0,42069000.0,47200000.0,49700000.0,34671000.0,36861000.0,78243000.0,120787000.0,86361000.0,57087000.0,84317000.0,74278000.0,66772000.0,66300000.0,71142000.0,87733000.0,80083000.0,74449000.0,62007000.0
Malaysia,1519000.0,1072000.0,1170000.0,1104000.0,1360000.0,1138000.0,1719000.0,1300000.0,874000.0,1068000.0,1384000.0,1749000.0,3687000.0,3080000.0,2341000.0,2932000.0,2441000.0,4055000.0,4938000.0,6074000.0,6810000.0,7595000.0,7613000.0,6858000.0,5801000.0,9572000.0,10338000.0,23232000.0,33033000.0,29123000.0,35962000.0
Maldives,,,,,,,,,,,,,,,,,,,,,,,,,,,,,,0.0,0.0
Mali,0.0,0.0,0.0,0.0,0.0,0.0,32000.0,0.0,0.0,0.0,0.0,220000.0,74000.0,43000.0,0.0,1000.0,335000.0,55000.0,38000.0,193000.0,234000.0,9000.0,153000.0,165000.0,52000.0,208000.0,381000.0,230000.0,349000.0,112000.0,5000.0
Malta,2000.0,0.0,57000.0,21000.0,12000.0,0.0,0.0,0.0,30000.0,21000.0,11000.0,7000.0,7000.0,9000.0,0.0,2000.0,4000.0,22000.0,0.0,0.0,5000.0,2000.0,0.0,,,0.0,1000.0,1000.0,1000.0,0.0,0.0
Mauritania,,,,,,,,,,,,21000.0,20000.0,18000.0,0.0,237000.0,1549000.0,493000.0,493000.0,0.0,0.0,0.0,0.0,,58000.0,,,0.0,,31000.0,
Mauritius,5602000.0,5281000.0,6211000.0,5833000.0,4628000.0,2987000.0,1590000.0,626000.0,459000.0,321000.0,192000.0,212000.0,241000.0,373000.0,402000.0,430000.0,332000.0,307000.0,351000.0,1000.0,344000.0,283000.0,509000.0,432000.0,294000.0,335000.0,394000.0,331000.0,308000.0,524000.0,771000.0
Mexico,548000.0,19000.0,75000.0,157000.0,597000.0,309000.0,470000.0,452000.0,402000.0,475000.0,334000.0,475000.0,282000.0,615000.0,642000.0,502000.0,410000.0,664000.0,1099000.0,1089000.0,1078000.0,752000.0,720000.0,322000.0,662000.0,465000.0,640000.0,771000.0,1106000.0,2052000.0,849000.0
Mongolia,,,,,,,,,,3000.0,,4000.0,0.0,0.0,2000.0,28000.0,5000.0,0.0,0.0,5000.0,0.0,0.0,51000.0,42000.0,,49000.0,63000.0,73000.0,24000.0,8000.0,11000.0
Montenegro,,,,,,,,,,,,,,,,,181000.0,133000.0,59000.0,30000.0,39000.0,61000.0,37000.0,77000.0,29000.0,29000.0,25000.0,14000.0,25000.0,88000.0,1000.0
Morocco,4000.0,10000.0,15000.0,38000.0,14000.0,311000.0,77000.0,82000.0,375000.0,1315000.0,1261000.0,1501000.0,1403000.0,1916000.0,2858000.0,4180000.0,5585000.0,9610000.0,8921000.0,12489000.0,11269000.0,17258000.0,20265000.0,23893000.0,22196000.0,28894000.0,27161000.0,44616000.0,37353000.0,28344000.0,32688000.0
Mozambique,498000.0,791000.0,216000.0,50000.0,220000.0,200000.0,230000.0,230000.0,230000.0,100000.0,101000.0,1700000.0,2109000.0,789000.0,630000.0,321000.0,836000.0,1521000.0,1977000.0,2679000.0,1936000.0,2757000.0,4754000.0,5480000.0,522000.0,3873000.0,5056000.0,7919000.0,4747000.0,4449000.0,6221000.0
Myanmar,0.0,200000.0,0.0,0.0,0.0,0.0,0.0,0.0,0.0,0.0,0.0,0.0,97000.0,142000.0,214000.0,267000.0,327000.0,627000.0,946000.0,884000.0,1182000.0,2257000.0,2203000.0,1182000.0,1032000.0,1163000.0,2328000.0,2896000.0,2440000.0,2269000.0,2593000.0
Namibia,,,,,,,,40000.0,137000.0,52000.0,15000.0,13000.0,49000.0,45000.0,113000.0,103000.0,145000.0,13000.0,0.0,0.0,0.0,105000.0,79000.0,107000.0,181000.0,36000.0,78000.0,9000.0,5000.0,3000.0,1000.0
Nepal,58000.0,33000.0,63000.0,110000.0,119000.0,272000.0,283000.0,397000.0,178000.0,605000.0,362000.0,308000.0,359000.0,5121000.0,4510000.0,6778000.0,5489000.0,15820000.0,16020000.0,16340000.0,19448000.0,17651000.0,19196000.0,20260000.0,17694000.0,25911000.0,27952000.0,31430000.0,23626000.0,33088000.0,24053000.0
Netherlands,37399000.0,34311000.0,44243000.0,35573000.0,39216000.0,41513000.0,35862000.0,30490000.0,26718000.0,27277000.0,21629000.0,20548000.0,27500000.0,29920000.0,36752000.0,40984000.0,49858000.0,64123000.0,62376000.0,66074000.0,55839000.0,68597000.0,82343000.0,80144000.0,75395000.0,88484000.0,95381000.0,92118000.0,91360000.0,114363000.0,119466000.0
New Caledonia,,,,,,,,0.0,3000.0,3000.0,3000.0,3000.0,0.0,0.0,0.0,0.0,5000.0,4000.0,1000.0,1000.0,1000.0,2000.0,1000.0,0.0,1000.0,0.0,,,0.0,,0.0
New Zealand,135000.0,167000.0,385000.0,431000.0,425000.0,362000.0,620000.0,485000.0,364000.0,451000.0,405000.0,281000.0,300000.0,281000.0,332000.0,819000.0,936000.0,1090000.0,834000.0,1767000.0,828000.0,1614000.0,1293000.0,1669000.0,1136000.0,1305000.0,1887000.0,1271000.0,789000.0,1405000.0,6839000.0
Nicaragua,,,,,,,,,,,0.0,0.0,0.0,11000.0,10000.0,0.0,0.0,0.0,0.0,0.0,0.0,0.0,0.0,,,,17000.0,2000.0,,33000.0,
Niger,0.0,0.0,0.0,0.0,0.0,330000.0,0.0,65000.0,76000.0,77000.0,566000.0,132000.0,86000.0,76000.0,202000.0,772000.0,734000.0,1059000.0,1059000.0,770000.0,868000.0,1263000.0,1774000.0,1441000.0,2490000.0,3594000.0,4774000.0,4070000.0,3649000.0,2832000.0,658000.0
Nigeria,70000.0,2000.0,80000.0,0.0,0.0,35000.0,100000.0,30000.0,50000.0,50000.0,0.0,650000.0,628000.0,130000.0,126000.0,201000.0,222000.0,49000.0,170000.0,92000.0,72000.0,29000.0,67000.0,32000.0,56000.0,52000.0,218000.0,727000.0,978000.0,359000.0,65000.0
North Macedonia,,,406000.0,213000.0,24000.0,51000.0,10000.0,48000.0,300000.0,214000.0,33000.0,47000.0,78000.0,56000.0,70000.0,150000.0,146000.0,93000.0,82000.0,60000.0,33000.0,73000.0,79000.0,128000.0,168000.0,82000.0,58000.0,43000.0,33000.0,62000.0,194000.0
Norway,181000.0,119000.0,117000.0,103000.0,298000.0,185000.0,141000.0,111000.0,106000.0,31000.0,84000.0,27000.0,129000.0,57000.0,63000.0,139000.0,89000.0,101000.0,117000.0,182000.0,168000.0,120000.0,231000.0,377000.0,690000.0,537000.0,492000.0,156000.0,112000.0,77000.0,155000.0
Oman,809000.0,356000.0,533000.0,1303000.0,1081000.0,1991000.0,2123000.0,3123000.0,3655000.0,1755000.0,1328000.0,1171000.0,7002000.0,10480000.0,10105000.0,5510000.0,4675000.0,4501000.0,5807000.0,4206000.0,4388000.0,4691000.0,5562000.0,2468000.0,5926000.0,4733000.0,18183000.0,4032000.0,2287000.0,2152000.0,8722000.0
Pakistan,1092000.0,0.0,106000.0,171000.0,2862000.0,13926000.0,26000.0,0.0,63000.0,63000.0,69000.0,86000.0,22000.0,193000.0,584000.0,566000.0,789000.0,1567000.0,3304000.0,4486000.0,4233000.0,11191000.0,14129000.0,11709000.0,6601000.0,7207000.0,8232000.0,23056000.0,28407000.0,14893000.0,21811000.0
Palestine,,,,,,73000.0,206000.0,103000.0,68000.0,86000.0,159000.0,174000.0,197000.0,223000.0,74000.0,97000.0,245000.0,0.0,0.0,0.0,0.0,0.0,0.0,,,,,,,,37000.0
Panama,1358000.0,852000.0,1095000.0,1030000.0,894000.0,1094000.0,921000.0,1354000.0,955000.0,860000.0,902000.0,279000.0,0.0,0.0,29000.0,0.0,0.0,0.0,0.0,0.0,0.0,0.0,0.0,0.0,17000.0,3000.0,296000.0,32000.0,42000.0,54000.0,
Papua New Guinea,7016000.0,4409000.0,6772000.0,7341000.0,4179000.0,4230000.0,9639000.0,7249000.0,9129000.0,7486000.0,7380000.0,6490000.0,4658000.0,5431000.0,7108000.0,6460000.0,6937000.0,7274000.0,8075000.0,6388000.0,6488000.0,6341000.0,5172000.0,3901000.0,2756000.0,1258000.0,1638000.0,1456000.0,559000.0,429000.0,433000.0
Paraguay,,,,,32000.0,0.0,72000.0,22000.0,70000.0,96000.0,23000.0,66000.0,11000.0,73000.0,208000.0,194000.0,333000.0,869000.0,879000.0,690000.0,863000.0,2000.0,0.0,182000.0,194000.0,151000.0,83000.0,4000.0,9000.0,15000.0,10000.0
Peru,90000.0,189000.0,220000.0,441000.0,262000.0,120000.0,78000.0,148000.0,78000.0,65000.0,24000.0,63000.0,47000.0,17000.0,65000.0,22000.0,10000.0,11000.0,30000.0,700000.0,32000.0,52000.0,62000.0,38000.0,30000.0,124000.0,156000.0,148000.0,133000.0,503000.0,3836000.0
Philippines,0.0,0.0,0.0,0.0,0.0,0.0,1000.0,0.0,0.0,0.0,0.0,150000.0,0.0,0.0,7000.0,394000.0,5000.0,213000.0,7000.0,345000.0,112000.0,23000.0,33000.0,81000.0,47000.0,16000.0,132000.0,37000.0,33000.0,189000.0,94000.0
Poland,0.0,0.0,5003000.0,5853000.0,4371000.0,5647000.0,7451000.0,11403000.0,15461000.0,11054000.0,12896000.0,10685000.0,13919000.0,15421000.0,25377000.0,30099000.0,29231000.0,61814000.0,60284000.0,75794000.0,139393000.0,174917000.0,202301000.0,235580000.0,180630000.0,194278000.0,201196000.0,202196000.0,252195000.0,264869000.0,258622000.0
Portugal,177000.0,446000.0,161000.0,123000.0,132000.0,191000.0,113000.0,319000.0,256000.0,315000.0,291000.0,319000.0,411000.0,493000.0,719000.0,623000.0,800000.0,1562000.0,1657000.0,1610000.0,2178000.0,2571000.0,2691000.0,3285000.0,2447000.0,2497000.0,2804000.0,3557000.0,2245000.0,1773000.0,2150000.0
Qatar,745000.0,697000.0,657000.0,584000.0,547000.0,937000.0,937000.0,937000.0,937000.0,937000.0,71000.0,0.0,350000.0,168000.0,47000.0,28000.0,101000.0,55000.0,145000.0,9000.0,9000.0,10000.0,10000.0,788000.0,313000.0,149000.0,13000.0,386000.0,79000.0,,107000.0
Republic of Korea,973000.0,666000.0,917000.0,949000.0,1719000.0,1285000.0,905000.0,2644000.0,785000.0,1349000.0,986000.0,2240000.0,4592000.0,4046000.0,5325000.0,4808000.0,4414000.0,1913000.0,3326000.0,4411000.0,2403000.0,5797000.0,7019000.0,4988000.0,4392000.0,5963000.0,6638000.0,5877000.0,4655000.0,6834000.0,16785000.0
Republic of Moldova,,,5000.0,0.0,26000.0,109000.0,76000.0,58000.0,55000.0,6000.0,0.0,7000.0,49000.0,88000.0,195000.0,408000.0,501000.0,563000.0,404000.0,346000.0,115000.0,5000.0,90000.0,365000.0,1036000.0,1337000.0,1810000.0,2038000.0,1315000.0,693000.0,506000.0
Romania,0.0,10000.0,20000.0,22000.0,11000.0,4000.0,8000.0,50000.0,97000.0,585000.0,461000.0,157000.0,236000.0,431000.0,685000.0,883000.0,1499000.0,2176000.0,1861000.0,694000.0,685000.0,481000.0,753000.0,1049000.0,1551000.0,1895000.0,2365000.0,2681000.0,2061000.0,1684000.0,1012000.0
Russian Federation,6900000.0,0.0,151000.0,96000.0,13654000.0,14898000.0,15937000.0,15193000.0,8355000.0,8096000.0,3670000.0,2269000.0,4682000.0,8719000.0,22980000.0,33130000.0,44767000.0,77275000.0,62964000.0,55949000.0,50500000.0,82699000.0,98104000.0,85375000.0,69499000.0,76319000.0,92271000.0,97920000.0,103083000.0,105418000.0,115015000.0
Rwanda,21491000.0,22365000.0,20088000.0,18606000.0,10000000.0,3700000.0,1121000.0,16198000.0,23085000.0,14646000.0,20542000.0,16462000.0,11715000.0,11844000.0,1950000.0,23310000.0,25275000.0,125454000.0,30830000.0,34527000.0,47426000.0,87339000.0,61548000.0,57815000.0,67414000.0,73729000.0,84071000.0,90816000.0,86418000.0,104551000.0,104170000.0
Saint Kitts and Nevis,,,,,,,,,,,,,,,,,,,,,,,,2000.0,,,,4000.0,5000.0,9000.0,2000.0
Saint Lucia,,,,,,,,,,,,0.0,40000.0,2000.0,4000.0,10000.0,10000.0,2000.0,2000.0,5000.0,5000.0,5000.0,1000.0,5000.0,0.0,7000.0,6000.0,4000.0,5000.0,1000.0,3000.0
Saint Vincent and the Grenadines,,,,,,,,,,,,,,,,,,2000.0,0.0,0.0,0.0,0.0,0.0,,1000.0,0.0,,,0.0,,0.0
Samoa,,,,,,,,,,,,,,,,,,,,,,,,,0.0,,0.0,2000.0,0.0,,0.0
Sao Tome and Principe,,,,,,,,,,,,,,,,,,,,,,,,,0.0,0.0,0.0,,0.0,0.0,
Saudi Arabia,535000.0,737000.0,289000.0,358000.0,849000.0,275000.0,723000.0,499000.0,1810000.0,1100000.0,906000.0,881000.0,938000.0,2408000.0,2897000.0,3668000.0,5640000.0,3269000.0,3269000.0,13548000.0,13468000.0,7664000.0,10495000.0,15593000.0,14773000.0,14032000.0,15487000.0,19673000.0,11677000.0,15787000.0,13473000.0
Senegal,4548000.0,0.0,0.0,0.0,1000.0,0.0,0.0,0.0,4000.0,14000.0,18000.0,3000.0,8000.0,113000.0,320000.0,17000.0,20000.0,306000.0,5000.0,51000.0,26000.0,312000.0,2093000.0,4929000.0,2977000.0,631000.0,985000.0,2534000.0,956000.0,1092000.0,1354000.0
Serbia,,,,,,,,,,,,,,,,,492000.0,581000.0,617000.0,603000.0,639000.0,480000.0,434000.0,431000.0,348000.0,633000.0,433000.0,640000.0,455000.0,447000.0,445000.0
Serbia and Montenegro,,,0.0,0.0,0.0,0.0,250000.0,123000.0,1000.0,36000.0,323000.0,207000.0,214000.0,42000.0,401000.0,84000.0,,,,,,,,,,,,,,,
Seychelles,0.0,5000.0,0.0,5000.0,9000.0,16000.0,7000.0,9000.0,5000.0,4000.0,0.0,3000.0,3000.0,0.0,0.0,1000.0,1000.0,21000.0,21000.0,0.0,0.0,0.0,0.0,,8000.0,,0.0,,0.0,,0.0
Sierra Leone,,,,,,,,,,,,,,,,,,,,,,,,125000.0,108000.0,101000.0,64000.0,0.0,487000.0,234000.0,220000.0
Singapore,26985000.0,24141000.0,20266000.0,27434000.0,26293000.0,22678000.0,22103000.0,18774000.0,21774000.0,15756000.0,17463000.0,15480000.0,15774000.0,7468000.0,3435000.0,4666000.0,4902000.0,3645000.0,6848000.0,5452000.0,11146000.0,12155000.0,14025000.0,20477000.0,20667000.0,26789000.0,26896000.0,27735000.0,27398000.0,30619000.0,23431000.0
Slovakia,,,,346000.0,423000.0,468000.0,354000.0,447000.0,373000.0,421000.0,598000.0,1168000.0,1281000.0,972000.0,1438000.0,1341000.0,1347000.0,1769000.0,1772000.0,1435000.0,5560000.0,3945000.0,4242000.0,2154000.0,2697000.0,477000.0,656000.0,610000.0,375000.0,375000.0,593000.0
Slovenia,,,86000.0,105000.0,85000.0,305000.0,142000.0,103000.0,71000.0,276000.0,598000.0,63000.0,79000.0,120000.0,147000.0,434000.0,919000.0,1251000.0,1302000.0,352000.0,190000.0,186000.0,289000.0,433000.0,341000.0,330000.0,518000.0,543000.0,659000.0,676000.0,729000.0
Solomon Islands,,,,,,,,,,,,,,,,,,,,,,0.0,0.0,,,,,,,,
Somalia,0.0,0.0,0.0,0.0,0.0,0.0,0.0,0.0,0.0,0.0,0.0,0.0,0.0,3000.0,38000.0,22000.0,0.0,0.0,0.0,11000.0,11000.0,1000.0,0.0,1000.0,0.0,,0.0,4000.0,1000.0,0.0,
South Africa,1787000.0,2394000.0,2432000.0,2721000.0,2578000.0,4116000.0,2904000.0,2999000.0,7582000.0,11050000.0,18526000.0,12083000.0,17193000.0,12753000.0,12670000.0,6853000.0,9640000.0,11660000.0,15386000.0,14266000.0,12047000.0,13516000.0,32247000.0,31635000.0,27569000.0,24123000.0,30062000.0,30843000.0,26128000.0,21861000.0,22827000.0
South Sudan,,,,,,,,,,,,,,,,,,,,,,0.0,0.0,,,1000.0,,,0.0,0.0,1000.0
Spain,487000.0,698000.0,556000.0,156000.0,605000.0,582000.0,201000.0,554000.0,611000.0,883000.0,1583000.0,1203000.0,905000.0,2108000.0,2321000.0,2288000.0,2169000.0,2842000.0,2571000.0,4922000.0,6682000.0,9931000.0,12053000.0,12426000.0,10863000.0,9110000.0,12775000.0,14982000.0,12686000.0,10944000.0,14362000.0
Sri Lanka,493902000.0,426085000.0,339175000.0,260996000.0,207450000.0,369009000.0,544957000.0,716630000.0,747806000.0,605347000.0,683153000.0,679951000.0,650961000.0,672517000.0,732521000.0,804299000.0,503859000.0,1258703000.0,1175097000.0,1365966000.0,1476881000.0,1403154000.0,1530138000.0,1609339000.0,1321899000.0,1251730000.0,1513207000.0,770094000.0,1322583000.0,1329509000.0,1391647000.0
Sudan,,,,,,,,,,,,,,,,,,,,,,46000.0,5000.0,125000.0,0.0,,27000.0,1000.0,1000.0,8000.0,567000.0
Sudan (former),,,,,,,,,,,,,125000.0,3000.0,19000.0,0.0,0.0,0.0,15000.0,21000.0,2000.0,,,,,,,,,,
Suriname,,,,,,,,,,,,,,,,,,,,2000.0,1000.0,1000.0,25000.0,9000.0,18000.0,179000.0,,,,,20000.0
Sweden,477000.0,443000.0,785000.0,585000.0,2254000.0,7295000.0,8149000.0,7914000.0,8617000.0,8957000.0,12039000.0,11594000.0,8708000.0,10621000.0,8503000.0,8167000.0,11370000.0,10524000.0,11660000.0,11873000.0,10593000.0,6393000.0,6093000.0,6522000.0,5315000.0,5750000.0,5558000.0,6538000.0,6682000.0,5205000.0,5610000.0
Switzerland,7008000.0,8465000.0,9131000.0,7766000.0,7971000.0,6668000.0,4992000.0,4460000.0,4704000.0,4708000.0,3936000.0,4215000.0,5129000.0,4751000.0,4773000.0,6215000.0,4073000.0,6531000.0,5259000.0,8443000.0,17273000.0,20092000.0,32161000.0,26036000.0,23826000.0,24799000.0,27639000.0,30181000.0,27145000.0,31175000.0,29823000.0
Syrian Arab Republic,0.0,0.0,0.0,0.0,0.0,0.0,0.0,0.0,0.0,0.0,0.0,0.0,0.0,154000.0,0.0,23000.0,2819000.0,1090000.0,203000.0,203000.0,294000.0,221000.0,159000.0,50000.0,99000.0,221000.0,513000.0,403000.0,281000.0,182000.0,238000.0
Tajikistan,,,,,,,1000.0,,,,,4000.0,0.0,12000.0,0.0,80000.0,80000.0,72000.0,70000.0,2000.0,0.0,0.0,0.0,0.0,,43000.0,30000.0,1000.0,20000.0,25000.0,
Thailand,419000.0,387000.0,522000.0,446000.0,740000.0,960000.0,910000.0,625000.0,439000.0,654000.0,890000.0,1936000.0,2446000.0,1469000.0,1887000.0,2227000.0,2581000.0,4912000.0,4654000.0,4841000.0,5234000.0,5741000.0,7154000.0,8466000.0,7435000.0,8036000.0,12923000.0,14851000.0,18970000.0,23853000.0,24240000.0
Timor-Leste,,,,,,,,,,,,,,,,,,,,,,,,,,,5000.0,,,7000.0,
Togo,22000.0,37000.0,1000.0,0.0,1000.0,0.0,0.0,3000.0,3000.0,0.0,0.0,0.0,0.0,5000.0,8000.0,0.0,39000.0,389000.0,33000.0,17000.0,176000.0,237000.0,252000.0,59000.0,183000.0,102000.0,59000.0,211000.0,158000.0,160000.0,157000.0
Tonga,,,,,,,,,,,0.0,,,,,,,,,,,0.0,0.0,0.0,,,,,,,
Trinidad and Tobago,2000.0,54000.0,48000.0,3000.0,0.0,12000.0,7000.0,13000.0,17000.0,90000.0,50000.0,259000.0,647000.0,1237000.0,1652000.0,824000.0,800000.0,399000.0,578000.0,629000.0,371000.0,95000.0,95000.0,399000.0,960000.0,778000.0,765000.0,1323000.0,1092000.0,921000.0,650000.0
Tunisia,2000.0,0.0,2000.0,1000.0,176000.0,285000.0,15000.0,94000.0,32000.0,7000.0,19000.0,70000.0,41000.0,209000.0,225000.0,131000.0,42000.0,134000.0,118000.0,421000.0,276000.0,141000.0,145000.0,100000.0,25000.0,35000.0,21000.0,6000.0,6000.0,8000.0,4000.0
Turkmenistan,,,,,,55000.0,,,0.0,226000.0,313000.0,53000.0,0.0,0.0,0.0,0.0,0.0,0.0,0.0,0.0,0.0,0.0,0.0,22000.0,,,0.0,10000.0,20000.0,26000.0,
Tuvalu,,,,,,,,,,,,,,,,,,,,,,,,,,,,,,,0.0
Türkiye,43255000.0,3090000.0,6200000.0,45794000.0,5530000.0,3506000.0,5109000.0,15259000.0,14233000.0,4892000.0,5782000.0,4073000.0,4782000.0,6959000.0,6857000.0,7010000.0,4500000.0,11232000.0,7754000.0,9163000.0,10367000.0,12201000.0,17716000.0,20414000.0,23614000.0,28585000.0,24926000.0,13041000.0,16099000.0,17824000.0,21689000.0
Uganda,3566000.0,6780000.0,7721000.0,11141000.0,0.0,0.0,0.0,16134000.0,28181000.0,21425000.0,37050000.0,16230000.0,31293000.0,8259000.0,37256000.0,34274000.0,50873000.0,47222000.0,59761000.0,68263000.0,72126000.0,73902000.0,85589000.0,84739000.0,70317000.0,71488000.0,79713000.0,88831000.0,77957000.0,78672000.0,23411000.0
Ukraine,,,,,196000.0,440000.0,260000.0,345000.0,45000.0,72000.0,100000.0,127000.0,249000.0,292000.0,250000.0,844000.0,977000.0,1786000.0,1052000.0,1052000.0,1971000.0,2127000.0,3283000.0,3127000.0,2743000.0,3105000.0,5059000.0,4958000.0,4962000.0,5225000.0,5886000.0
United Arab Emirates,21220000.0,37302000.0,22131000.0,9487000.0,56835000.0,46527000.0,42785000.0,6000000.0,8500000.0,12000000.0,25000000.0,40000000.0,53986000.0,43203000.0,43323000.0,89829000.0,130076000.0,114803000.0,153786000.0,232225000.0,191814000.0,229095000.0,335635000.0,312642000.0,116871000.0,117565000.0,188522000.0,295037000.0,295456000.0,315633000.0,338031000.0
United Kingdom of Great Britain and Northern Ireland,244842000.0,242487000.0,241476000.0,232293000.0,198117000.0,202742000.0,221152000.0,245803000.0,245732000.0,195131000.0,160873000.0,169496000.0,191918000.0,239928000.0,259008000.0,235886000.0,278688000.0,324694000.0,281126000.0,327691000.0,262959000.0,196242000.0,185166000.0,146984000.0,141141000.0,130611000.0,133673000.0,135796000.0,133981000.0,136347000.0,135728000.0
United Republic of Tanzania,21450000.0,21700000.0,22400000.0,38000000.0,39520000.0,23360000.0,22540000.0,28703000.0,36993000.0,40757000.0,40790000.0,32708000.0,29639000.0,24719000.0,30116000.0,26258000.0,33709000.0,42545000.0,68140000.0,47324000.0,46938000.0,56001000.0,54627000.0,44018000.0,46300000.0,44538000.0,48946000.0,47332000.0,45715000.0,32421000.0,32881000.0
United States of America,12558000.0,13288000.0,13807000.0,17129000.0,18012000.0,17809000.0,18814000.0,18738000.0,16358000.0,21333000.0,24831000.0,23690000.0,26407000.0,28672000.0,29892000.0,34065000.0,25896000.0,57081000.0,53427000.0,68357000.0,73651000.0,86689000.0,95554000.0,107799000.0,110360000.0,127971000.0,135847000.0,124424000.0,111695000.0,88717000.0,93410000.0
Uruguay,0.0,1000.0,24000.0,0.0,0.0,0.0,0.0,2000.0,3000.0,2000.0,5000.0,4000.0,13000.0,10000.0,14000.0,24000.0,5000.0,22000.0,15000.0,176000.0,102000.0,137000.0,68000.0,138000.0,140000.0,13000.0,1000.0,5000.0,1000.0,1000.0,2000.0
Uzbekistan,,,,,,,,,,,18000.0,0.0,50000.0,42000.0,30000.0,30000.0,0.0,0.0,0.0,0.0,0.0,0.0,0.0,0.0,4000.0,37000.0,68000.0,52000.0,94000.0,197000.0,286000.0
Vanuatu,,,,,,,,,,,,,,,,,,,,16000.0,0.0,0.0,0.0,,39000.0,,,44000.0,,0.0,
Venezuela (Bolivarian Republic of),10000.0,3000.0,2000.0,1000.0,6000.0,1000.0,2000.0,1000.0,0.0,0.0,9000.0,0.0,1000.0,0.0,0.0,0.0,8000.0,0.0,0.0,0.0,0.0,0.0,2000.0,1000.0,0.0,1000.0,1000.0,,0.0,,16000.0
Viet Nam,24698000.0,9221000.0,16122000.0,20300000.0,25800000.0,19000000.0,30000000.0,48237000.0,50496000.0,45147000.0,69596000.0,78406000.0,82000000.0,58392000.0,96693000.0,96934000.0,110431000.0,147300000.0,178000000.0,199979000.0,204018000.0,224847000.0,122496000.0,227719000.0,212422000.0,225410000.0,226797000.0,209350000.0,230740000.0,198926000.0,118963000.0
Yemen,0.0,0.0,0.0,0.0,0.0,0.0,0.0,0.0,0.0,1000.0,25000.0,12000.0,57000.0,757000.0,2048000.0,3034000.0,3561000.0,8964000.0,10256000.0,9751000.0,13657000.0,15035000.0,16941000.0,18713000.0,11029000.0,227000.0,5668000.0,8033000.0,9337000.0,10704000.0,9944000.0
Yugoslav SFR,125000.0,160000.0,,,,,,,,,,,,,,,,,,,,,,,,,,,,,
Zambia,0.0,834000.0,83000.0,0.0,0.0,64000.0,55000.0,205000.0,313000.0,1595000.0,560000.0,560000.0,850000.0,850000.0,830000.0,651000.0,559000.0,145000.0,305000.0,111000.0,44000.0,34000.0,23000.0,11000.0,3000.0,29000.0,34000.0,16000.0,17000.0,140000.0,67000.0
Zimbabwe,12999000.0,12584000.0,7359000.0,10031000.0,11350000.0,11039000.0,12855000.0,24264000.0,15086000.0,19875000.0,18454000.0,6558000.0,16494000.0,14933000.0,13277000.0,2834000.0,35821000.0,6509000.0,8156000.0,12902000.0,15842000.0,17687000.0,21422000.0,18749000.0,19427000.0,16705000.0,21507000.0,23695000.0,21095000.0,16282000.0,16061000.0
