Country,1990,1991,1992,1993,1994,1995,1996,1997,1998,1999,2000,2001,2002,2003,2004,2005,2006,2007,2008,2009,2010,2011,2012,2013,2014,2015,2016,2017,2018,2019,2020,2021
Afghanistan,35100000.0,26320000.0,18300000.0,28000000.0,21000000.0,45000000.0,30000000.0,55000000.0,102000000.0,59000000.0,87700000.0,45300000.0,26981000.0,89814000.0,49876000.0,11492000.0,33202000.0,53463000.0,40063000.0,9302000.0,38050000.0,85915000.0,225322000.0,164125000.0,111711000.0,129025000.0,89671000.0,141649000.0,146110000.0,123053000.0,40202000.0,34400000.0
Albania,,,,,,,59000.0,190000.0,214000.0,219000.0,201000.0,150000.0,212000.0,95000.0,78000.0,134000.0,160000.0,273000.0,390000.0,411000.0,388000.0,472000.0,567000.0,692000.0,131000.0,314000.0,140000.0,90000.0,128000.0,72000.0,263000.0,9411000.0
Algeria,16636000.0,764000.0,94786000.0,1954000.0,21214000.0,10744000.0,21546000.0,8220000.0,19638000.0,8178000.0,14000000.0,11481000.0,7382000.0,8566000.0,9469000.0,11942000.0,11772000.0,11781000.0,13524000.0,13940000.0,35466000.0,20748000.0,27384000.0,25475000.0,31160000.0,33003000.0,35136000.0,33881000.0,58070000.0,60098000.0,55613000.0,57912000.0
Angola,360000.0,400000.0,120000.0,150000.0,170000.0,260000.0,100000.0,80000.0,90000.0,30000.0,1300000.0,600000.0,1160000.0,1092000.0,1527000.0,1830000.0,2881000.0,4351000.0,6301000.0,6150000.0,4042000.0,6299000.0,7614000.0,6019000.0,10630000.0,4331000.0,6291000.0,5377000.0,4134000.0,6855000.0,1531000.0,3145000.0
Antigua and Barbuda,85000.0,105000.0,60000.0,150000.0,280000.0,110000.0,120000.0,28000.0,3000.0,11000.0,43000.0,35000.0,116000.0,57000.0,465000.0,286000.0,123000.0,198000.0,121000.0,244000.0,253000.0,300000.0,330000.0,285000.0,259000.0,246000.0,222000.0,326000.0,385000.0,296000.0,199000.0,119000.0
Argentina,66000.0,221000.0,819000.0,922000.0,1361000.0,1293000.0,1705000.0,1585000.0,2301000.0,2582000.0,1662000.0,1519000.0,439000.0,644000.0,789000.0,1130000.0,1023000.0,1490000.0,1594000.0,959000.0,1492000.0,1762000.0,1703000.0,1490000.0,1717000.0,1912000.0,1864000.0,2146000.0,2101000.0,1685000.0,1341000.0,1922000.0
Armenia,,,,,150000.0,1398000.0,119000.0,167000.0,167000.0,415000.0,425000.0,521000.0,521000.0,608000.0,508000.0,1356000.0,970000.0,1530000.0,1930000.0,1740000.0,2098000.0,2584000.0,2951000.0,2404000.0,2435000.0,2568000.0,2387000.0,2475000.0,2870000.0,2528000.0,2602000.0,2847000.0
Australia,41655000.0,41957000.0,42537000.0,40004000.0,44933000.0,42428000.0,47401000.0,47978000.0,53269000.0,52879000.0,55371000.0,48830000.0,54590000.0,62821000.0,67182000.0,75550000.0,70845000.0,85319000.0,91505000.0,86749000.0,98969000.0,107984000.0,114524000.0,112925000.0,113658000.0,105305000.0,98834000.0,110477000.0,106915000.0,109308000.0,105951000.0,115295000.0
Austria,7473000.0,6053000.0,7006000.0,6280000.0,7448000.0,9882000.0,9600000.0,8300000.0,9719000.0,11500000.0,6947000.0,8270000.0,9190000.0,9612000.0,8826000.0,12276000.0,11895000.0,18268000.0,19468000.0,20112000.0,22258000.0,24956000.0,24068000.0,26236000.0,28738000.0,24381000.0,24687000.0,27173000.0,29289000.0,27493000.0,21411000.0,25040000.0
Azerbaijan,,,,4514000.0,4774000.0,3407000.0,12612000.0,8925000.0,12000000.0,5682000.0,6000000.0,22091000.0,14274000.0,9912000.0,18286000.0,14603000.0,12864000.0,15005000.0,15923000.0,16931000.0,18100000.0,20398000.0,16444000.0,20322000.0,18992000.0,53868000.0,54756000.0,77682000.0,49807000.0,55049000.0,56187000.0,61858000.0
Bahamas,811000.0,940000.0,889000.0,700000.0,762000.0,350000.0,200000.0,956000.0,600000.0,120000.0,1113000.0,1127000.0,225000.0,260000.0,288000.0,1041000.0,1270000.0,1439000.0,1170000.0,1356000.0,575000.0,483000.0,1698000.0,1443000.0,1406000.0,1608000.0,1567000.0,1656000.0,2975000.0,1703000.0,1193000.0,974000.0
Bahrain,3700000.0,4200000.0,4300000.0,3000000.0,5991000.0,6500000.0,6500000.0,5130000.0,1100000.0,670000.0,5399000.0,5462000.0,6327000.0,7166000.0,6636000.0,6708000.0,7078000.0,8384000.0,2919000.0,8421000.0,10359000.0,9884000.0,12377000.0,12454000.0,14113000.0,12735000.0,15106000.0,15865000.0,15772000.0,3834000.0,15917000.0,15780000.0
Bangladesh,0.0,0.0,0.0,0.0,16000.0,68000.0,5000.0,3000.0,2000.0,11000.0,102000.0,37000.0,119000.0,706000.0,641000.0,22000.0,39000.0,64000.0,166000.0,94000.0,4770000.0,5499000.0,1335000.0,26874000.0,9118000.0,13592000.0,14817000.0,6049000.0,7914000.0,7077000.0,831000.0,5236000.0
Barbados,1097000.0,1063000.0,697000.0,920000.0,905000.0,1011000.0,840000.0,1410000.0,277000.0,1145000.0,460000.0,1268000.0,1478000.0,987000.0,852000.0,967000.0,1189000.0,1185000.0,1071000.0,1250000.0,1066000.0,1244000.0,1283000.0,1286000.0,1419000.0,1451000.0,1048000.0,1285000.0,1741000.0,1055000.0,1548000.0,1728000.0
Belarus,,,700000.0,450000.0,2600000.0,4751000.0,2363000.0,4090000.0,11839000.0,9023000.0,10000000.0,4171000.0,4382000.0,19139000.0,8864000.0,16072000.0,24813000.0,34936000.0,46814000.0,41675000.0,45377000.0,39555000.0,43929000.0,50733000.0,47417000.0,49201000.0,43922000.0,43195000.0,37355000.0,40668000.0,44770000.0,44589000.0
Belgium,,,,,,,,,,,31537000.0,27838000.0,32155000.0,38463000.0,32074000.0,28910000.0,37494000.0,44690000.0,56171000.0,46775000.0,51826000.0,72079000.0,65686000.0,84898000.0,85443000.0,78790000.0,78058000.0,79032000.0,75168000.0,72726000.0,68757000.0,81983000.0
Belgium-Luxembourg,14941000.0,15017000.0,21536000.0,18376000.0,21359000.0,20884000.0,22285000.0,23544000.0,29959000.0,27967000.0,,,,,,,,,,,,,,,,,,,,,,
Belize,348000.0,230000.0,320000.0,237000.0,171000.0,156000.0,153000.0,201000.0,250000.0,20000.0,1509000.0,12000.0,7000.0,296000.0,125000.0,221000.0,169000.0,353000.0,282000.0,179000.0,314000.0,357000.0,302000.0,354000.0,394000.0,370000.0,811000.0,232000.0,615000.0,589000.0,689000.0,736000.0
Benin,1300000.0,39000.0,3000.0,55000.0,14000.0,59000.0,109000.0,121000.0,207000.0,224000.0,73000.0,147000.0,67000.0,99000.0,35000.0,33000.0,145000.0,72000.0,62000.0,85000.0,192000.0,0.0,295000.0,361000.0,352000.0,452000.0,714000.0,426000.0,324000.0,482000.0,336000.0,290000.0
Bhutan,250000.0,194000.0,158000.0,45000.0,227000.0,220000.0,200000.0,196000.0,196000.0,255000.0,271000.0,271000.0,271000.0,58000.0,1000.0,2000.0,1000.0,48000.0,123000.0,0.0,806000.0,0.0,1124000.0,1124000.0,69000.0,57000.0,103000.0,336000.0,1252000.0,1030000.0,1542000.0,1854000.0
Bolivia (Plurinational State of),70000.0,101000.0,273000.0,234000.0,306000.0,249000.0,610000.0,818000.0,623000.0,350000.0,381000.0,502000.0,260000.0,317000.0,261000.0,278000.0,329000.0,424000.0,457000.0,476000.0,1204000.0,1242000.0,696000.0,1087000.0,1221000.0,1006000.0,1511000.0,1292000.0,1209000.0,1243000.0,1243000.0,1333000.0
Bosnia and Herzegovina,,,110000.0,200000.0,300000.0,380000.0,530000.0,300000.0,400000.0,140000.0,380000.0,130000.0,194000.0,131000.0,186000.0,296000.0,376000.0,355000.0,551000.0,519000.0,573000.0,518000.0,585000.0,621000.0,704000.0,576000.0,585000.0,522000.0,572000.0,572000.0,522000.0,624000.0
Botswana,4193000.0,3029000.0,3044000.0,3757000.0,3161000.0,4713000.0,5026000.0,5647000.0,5147000.0,4094000.0,5004000.0,5424000.0,2896000.0,2170000.0,394000.0,25000.0,328000.0,4616000.0,4863000.0,5499000.0,6059000.0,6744000.0,6571000.0,6598000.0,6571000.0,6466000.0,6055000.0,6757000.0,7289000.0,7975000.0,7680000.0,8722000.0
Brazil,286000.0,516000.0,334000.0,524000.0,455000.0,876000.0,1402000.0,1867000.0,2088000.0,2232000.0,1429000.0,1131000.0,1136000.0,781000.0,1168000.0,1104000.0,1820000.0,2174000.0,3002000.0,3080000.0,2897000.0,2816000.0,3421000.0,3081000.0,3909000.0,3554000.0,2531000.0,3695000.0,2928000.0,2978000.0,2946000.0,3054000.0
Brunei Darussalam,650000.0,700000.0,680000.0,900000.0,1187000.0,960000.0,1000000.0,1137000.0,1026000.0,900000.0,1000000.0,1000000.0,1121000.0,1069000.0,1000000.0,1026000.0,605000.0,926000.0,1186000.0,1314000.0,1305000.0,1523000.0,1972000.0,1808000.0,1821000.0,1335000.0,1329000.0,1192000.0,1317000.0,2753000.0,1816000.0,1817000.0
Bulgaria,2811000.0,438000.0,59000.0,583000.0,759000.0,483000.0,331000.0,102000.0,226000.0,800000.0,400000.0,221000.0,212000.0,360000.0,397000.0,803000.0,1326000.0,1425000.0,2217000.0,1825000.0,1878000.0,1821000.0,1831000.0,2054000.0,2229000.0,2760000.0,4350000.0,5183000.0,7074000.0,5224000.0,3029000.0,3390000.0
Burkina Faso,400000.0,321000.0,520000.0,530000.0,429000.0,481000.0,826000.0,437000.0,288000.0,989000.0,619000.0,426000.0,330000.0,520000.0,529000.0,739000.0,1183000.0,1611000.0,1801000.0,1690000.0,1998000.0,1598000.0,2340000.0,3909000.0,3052000.0,2427000.0,3477000.0,2620000.0,3562000.0,1795000.0,1437000.0,3073000.0
Burundi,,,,,,,,,1000.0,1000.0,0.0,1000.0,0.0,0.0,71000.0,1000.0,34000.0,1000.0,8000.0,9000.0,2000.0,2000.0,7000.0,7000.0,6000.0,8000.0,17000.0,18000.0,18000.0,28000.0,30000.0,24000.0
Cabo Verde,14000.0,27000.0,51000.0,26000.0,28000.0,42000.0,47000.0,59000.0,71000.0,86000.0,70000.0,71000.0,120000.0,134000.0,150000.0,134000.0,114000.0,195000.0,229000.0,202000.0,229000.0,183000.0,148000.0,157000.0,219000.0,151000.0,153000.0,220000.0,222000.0,152000.0,,302000.0
Cambodia,0.0,0.0,0.0,0.0,0.0,0.0,118000.0,140000.0,54000.0,90000.0,102000.0,36000.0,51000.0,51000.0,46000.0,150000.0,20544000.0,12288000.0,902000.0,920000.0,159000.0,232000.0,230000.0,425000.0,817000.0,435000.0,680000.0,1009000.0,1066000.0,1189000.0,1934000.0,2022000.0
Cameroon,63000.0,19000.0,0.0,32000.0,16000.0,83000.0,87000.0,74000.0,76000.0,117000.0,166000.0,112000.0,147000.0,215000.0,295000.0,484000.0,389000.0,1149000.0,1037000.0,590000.0,901000.0,1111000.0,1183000.0,14411000.0,1081000.0,1152000.0,1313000.0,1167000.0,901000.0,14541000.0,19046000.0,12769000.0
Canada,58444000.0,60278000.0,62081000.0,58955000.0,60388000.0,58289000.0,62556000.0,68839000.0,69647000.0,72472000.0,73687000.0,74646000.0,73515000.0,88405000.0,98759000.0,111658000.0,123355000.0,138095000.0,148197000.0,145143000.0,160434000.0,171699000.0,181831000.0,173199000.0,147763000.0,133811000.0,141025000.0,149785000.0,145550000.0,138832000.0,123672000.0,141553000.0
Central African Republic,29000.0,16000.0,6000.0,4000.0,1000.0,1000.0,0.0,0.0,6000.0,25000.0,9000.0,4000.0,3000.0,4000.0,18000.0,32000.0,106000.0,17000.0,34000.0,3000.0,6000.0,2000.0,10000.0,7000.0,,,,,56000.0,219000.0,40000.0,85000.0
Chad,2900000.0,0.0,0.0,0.0,1668000.0,880000.0,4090000.0,880000.0,880000.0,880000.0,640000.0,650000.0,194000.0,216000.0,172000.0,400000.0,450000.0,450000.0,65000.0,65000.0,1656000.0,403000.0,531000.0,531000.0,1897000.0,1456000.0,925000.0,1524000.0,918000.0,1787000.0,3328000.0,4100000.0
Chile,14363000.0,16129000.0,15921000.0,16389000.0,18486000.0,17511000.0,18403000.0,18937000.0,21408000.0,18874000.0,17306000.0,17275000.0,15074000.0,16162000.0,18940000.0,22012000.0,26105000.0,26103000.0,37378000.0,32085000.0,41991000.0,47288000.0,44214000.0,48801000.0,59236000.0,54419000.0,48490000.0,54170000.0,57803000.0,47952000.0,70205000.0,63660000.0
China,70732000.0,73573000.0,87537000.0,72697000.0,72943000.0,71391000.0,70352000.0,62823000.0,62409000.0,62292000.0,62964000.0,64168000.0,53132000.0,54128000.0,58339000.0,63011000.0,77060000.0,80062000.0,76568000.0,101266000.0,154829000.0,176422000.0,193389000.0,200656000.0,229733000.0,247676000.0,264753000.0,341074000.0,418575000.0,465708000.0,488298000.0,547137000.0
"China, Hong Kong SAR",57522000.0,60204000.0,73530000.0,55720000.0,58744000.0,58660000.0,57940000.0,50225000.0,48530000.0,45561000.0,44079000.0,41925000.0,32133000.0,29870000.0,30637000.0,31334000.0,36487000.0,36709000.0,39586000.0,41188000.0,54654000.0,62033000.0,64939000.0,64874000.0,70910000.0,71017000.0,84550000.0,109281000.0,151848000.0,186429000.0,221816000.0,262202000.0
"China, Macao SAR",1070000.0,1232000.0,1909000.0,1767000.0,1108000.0,1413000.0,1468000.0,1599000.0,1103000.0,1344000.0,1377000.0,1383000.0,1293000.0,1386000.0,1766000.0,1400000.0,2675000.0,3113000.0,2635000.0,3431000.0,3701000.0,4695000.0,4630000.0,5000000.0,5360000.0,7843000.0,5963000.0,8185000.0,8855000.0,9068000.0,8571000.0,12177000.0
"China, Taiwan Province of",5049000.0,8059000.0,8699000.0,11571000.0,11150000.0,9509000.0,9573000.0,9897000.0,10320000.0,11900000.0,13345000.0,17923000.0,17005000.0,18387000.0,19896000.0,22850000.0,29816000.0,27600000.0,16586000.0,39553000.0,48874000.0,50548000.0,52784000.0,55502000.0,61389000.0,63222000.0,62742000.0,74479000.0,80048000.0,82892000.0,77897000.0,88099000.0
"China, mainland",7091000.0,4078000.0,3399000.0,3639000.0,1941000.0,1809000.0,1371000.0,1102000.0,2456000.0,3487000.0,4162000.0,2937000.0,2701000.0,4485000.0,6040000.0,7427000.0,8082000.0,12640000.0,17761000.0,17094000.0,47600000.0,59146000.0,71036000.0,75280000.0,92073000.0,105594000.0,111498000.0,149130000.0,177824000.0,187320000.0,180014000.0,184658000.0
Colombia,61000.0,33000.0,79000.0,334000.0,261000.0,423000.0,622000.0,469000.0,564000.0,562000.0,298000.0,392000.0,375000.0,385000.0,428000.0,581000.0,710000.0,981000.0,956000.0,1088000.0,1523000.0,1696000.0,2090000.0,1888000.0,2180000.0,1795000.0,1907000.0,1813000.0,1767000.0,1946000.0,2090000.0,2340000.0
Comoros,0.0,0.0,0.0,0.0,0.0,5000.0,20000.0,7000.0,1000.0,4000.0,4000.0,7000.0,2000.0,57000.0,2000.0,6000.0,7000.0,41000.0,77000.0,0.0,0.0,22000.0,0.0,7000.0,12000.0,8000.0,8000.0,14000.0,10000.0,7000.0,9000.0,39000.0
Congo,66000.0,39000.0,81000.0,55000.0,59000.0,73000.0,30000.0,30000.0,200000.0,30000.0,126000.0,260000.0,640000.0,494000.0,427000.0,87000.0,98000.0,165000.0,91000.0,144000.0,195000.0,3286000.0,436000.0,370000.0,338000.0,409000.0,331000.0,598000.0,364000.0,449000.0,431000.0,552000.0
Cook Islands,40000.0,42000.0,40000.0,35000.0,55000.0,25000.0,40000.0,55000.0,33000.0,50000.0,50000.0,42000.0,39000.0,40000.0,97000.0,76000.0,88000.0,77000.0,77000.0,69000.0,327000.0,78000.0,115000.0,73000.0,64000.0,75000.0,64000.0,87000.0,60000.0,77000.0,91000.0,182000.0
Costa Rica,1076000.0,1137000.0,959000.0,749000.0,1356000.0,1430000.0,231000.0,1851000.0,2158000.0,1580000.0,1410000.0,1085000.0,808000.0,513000.0,632000.0,650000.0,858000.0,851000.0,868000.0,1084000.0,1267000.0,1252000.0,1622000.0,1243000.0,1548000.0,1632000.0,1648000.0,1621000.0,1680000.0,1828000.0,1937000.0,1516000.0
Croatia,,,644000.0,753000.0,817000.0,1080000.0,774000.0,455000.0,204000.0,437000.0,278000.0,305000.0,446000.0,505000.0,587000.0,800000.0,949000.0,1143000.0,1267000.0,1333000.0,1364000.0,1322000.0,1497000.0,1448000.0,1634000.0,1411000.0,1607000.0,1816000.0,1835000.0,2197000.0,1928000.0,2188000.0
Cuba,900000.0,637000.0,600000.0,600000.0,600000.0,600000.0,600000.0,600000.0,600000.0,364000.0,433000.0,316000.0,208000.0,331000.0,577000.0,605000.0,69000.0,528000.0,142000.0,189000.0,393000.0,838000.0,400000.0,355000.0,361000.0,363000.0,301000.0,575000.0,661000.0,687000.0,101000.0,253000.0
Cyprus,868000.0,1060000.0,1203000.0,1226000.0,1042000.0,1232000.0,1495000.0,1644000.0,1409000.0,1149000.0,1301000.0,1203000.0,1442000.0,1616000.0,1883000.0,2103000.0,2362000.0,3004000.0,3757000.0,3031000.0,3686000.0,2880000.0,3420000.0,3234000.0,2972000.0,2810000.0,3031000.0,3313000.0,2434000.0,2410000.0,1970000.0,2268000.0
Czechia,,,,8458000.0,4707000.0,6920000.0,6976000.0,6825000.0,8517000.0,7603000.0,7219000.0,8409000.0,7235000.0,8194000.0,10211000.0,12336000.0,13818000.0,19709000.0,22054000.0,20037000.0,23120000.0,24255000.0,24293000.0,25300000.0,28132000.0,21307000.0,26541000.0,25398000.0,24490000.0,27598000.0,26248000.0,29332000.0
Czechoslovakia,8148000.0,3921000.0,5462000.0,,,,,,,,,,,,,,,,,,,,,,,,,,,,,
CÃ´te d'Ivoire,2900000.0,4300000.0,4000000.0,2551000.0,1332000.0,1473000.0,1515000.0,1511000.0,1374000.0,2076000.0,1276000.0,2258000.0,1843000.0,3181000.0,3046000.0,2818000.0,3076000.0,3255000.0,4624000.0,3498000.0,3669000.0,3214000.0,4776000.0,7474000.0,7236000.0,5098000.0,5706000.0,6356000.0,7826000.0,8999000.0,8441000.0,26779000.0
Democratic People's Republic of Korea,,,,,,,,,,,,,,,,,,,,,,,,,124000.0,1117000.0,540000.0,8000.0,49000.0,2000.0,8000.0,1000.0
Democratic Republic of the Congo,0.0,0.0,0.0,0.0,30000.0,18000.0,10000.0,20000.0,120000.0,1700000.0,660000.0,1400000.0,1319000.0,1500000.0,1188000.0,2054000.0,2262000.0,598000.0,580000.0,679000.0,570000.0,587000.0,627000.0,829000.0,1158000.0,651000.0,2433000.0,1713000.0,1924000.0,2278000.0,1433000.0,1900000.0
Denmark,9600000.0,10629000.0,10356000.0,8795000.0,9974000.0,10903000.0,10124000.0,13009000.0,10618000.0,8537000.0,11437000.0,12034000.0,11352000.0,11943000.0,12856000.0,14242000.0,13646000.0,12679000.0,16615000.0,15097000.0,15809000.0,19359000.0,20934000.0,21754000.0,20055000.0,21330000.0,25464000.0,31596000.0,28981000.0,33340000.0,31463000.0,45186000.0
Djibouti,715000.0,592000.0,529000.0,700000.0,600000.0,540000.0,540000.0,1647000.0,992000.0,1000000.0,390000.0,79000.0,203000.0,381000.0,246000.0,657000.0,740000.0,886000.0,3055000.0,2147000.0,3256000.0,111000.0,221000.0,2155000.0,262000.0,122000.0,23000.0,1565000.0,2363000.0,1423000.0,1427000.0,1308000.0
Dominica,27000.0,45000.0,40000.0,32000.0,48000.0,33000.0,31000.0,30000.0,30000.0,40000.0,13000.0,9000.0,15000.0,9000.0,34000.0,46000.0,40000.0,29000.0,76000.0,60000.0,60000.0,60000.0,103000.0,20000.0,14000.0,50000.0,105000.0,129000.0,142000.0,110000.0,100000.0,31000.0
Dominican Republic,100000.0,30000.0,140000.0,20000.0,75000.0,55000.0,60000.0,100000.0,30000.0,50000.0,60000.0,507000.0,112000.0,146000.0,138000.0,217000.0,196000.0,251000.0,431000.0,284000.0,492000.0,564000.0,1011000.0,708000.0,1206000.0,1287000.0,1096000.0,1423000.0,1899000.0,1158000.0,1456000.0,1120000.0
Ecuador,6000.0,2000.0,8000.0,4000.0,46000.0,85000.0,15000.0,79000.0,12000.0,18000.0,9000.0,31000.0,43000.0,90000.0,114000.0,159000.0,149000.0,306000.0,222000.0,395000.0,278000.0,417000.0,480000.0,388000.0,209000.0,290000.0,190000.0,262000.0,277000.0,308000.0,311000.0,463000.0
Egypt,137485000.0,155296000.0,168460000.0,107142000.0,89619000.0,118567000.0,86707000.0,104039000.0,99635000.0,98415000.0,112689000.0,99823000.0,141177000.0,62026000.0,4299000.0,10089000.0,9603000.0,26649000.0,274990000.0,227816000.0,262270000.0,312156000.0,330528000.0,307323000.0,344799000.0,289760000.0,282341000.0,273807000.0,318109000.0,276492000.0,197215000.0,221129000.0
El Salvador,76000.0,83000.0,180000.0,162000.0,117000.0,233000.0,189000.0,231000.0,326000.0,513000.0,186000.0,241000.0,237000.0,157000.0,224000.0,371000.0,358000.0,600000.0,259000.0,309000.0,379000.0,282000.0,310000.0,371000.0,346000.0,454000.0,406000.0,389000.0,639000.0,426000.0,1203000.0,664000.0
Equatorial Guinea,,,,,,,,,,,,,,,,,,,,,,,,,293000.0,327000.0,184000.0,221000.0,167000.0,239000.0,349000.0,349000.0
Eritrea,,,,,,0.0,300000.0,200000.0,1000000.0,280000.0,510000.0,1500000.0,174000.0,759000.0,174000.0,11000000.0,6891000.0,1250000.0,569000.0,552000.0,843000.0,0.0,3000.0,570000.0,37000.0,52000.0,423000.0,829000.0,728000.0,557000.0,196000.0,773000.0
Estonia,,,261000.0,1027000.0,1808000.0,2457000.0,4209000.0,4162000.0,5668000.0,3292000.0,2987000.0,3203000.0,2935000.0,3366000.0,3827000.0,4054000.0,4776000.0,5385000.0,7541000.0,7885000.0,7709000.0,7992000.0,8288000.0,9156000.0,8534000.0,7023000.0,5437000.0,5498000.0,5814000.0,5297000.0,5895000.0,6274000.0
Eswatini,944000.0,960000.0,2138000.0,1037000.0,2038000.0,2100000.0,2100000.0,1671000.0,1612000.0,1773000.0,1690000.0,1324000.0,1287000.0,2172000.0,3417000.0,2367000.0,1780000.0,1665000.0,1665000.0,1665000.0,1665000.0,264000.0,264000.0,2565000.0,2286000.0,1971000.0,1963000.0,2756000.0,2862000.0,2798000.0,2834000.0,3195000.0
Ethiopia,,,,76000.0,113000.0,8000.0,4000.0,80000.0,181000.0,816000.0,1043000.0,128000.0,60000.0,73000.0,61000.0,58000.0,83000.0,129000.0,104000.0,135000.0,150000.0,81000.0,176000.0,560000.0,1049000.0,799000.0,111000.0,205000.0,350000.0,198000.0,97000.0,243000.0
Ethiopia PDR,3556000.0,314000.0,345000.0,,,,,,,,,,,,,,,,,,,,,,,,,,,,,
Faroe Islands,722000.0,603000.0,696000.0,477000.0,455000.0,394000.0,450000.0,408000.0,438000.0,460000.0,360000.0,320000.0,414000.0,326000.0,465000.0,468000.0,476000.0,603000.0,596000.0,543000.0,505000.0,386000.0,400000.0,431000.0,469000.0,454000.0,540000.0,460000.0,307000.0,380000.0,349000.0,279000.0
Fiji,1664000.0,1568000.0,1381000.0,1727000.0,1327000.0,1402000.0,1387000.0,1745000.0,1125000.0,910000.0,1503000.0,1425000.0,1520000.0,1638000.0,1876000.0,1717000.0,2045000.0,2225000.0,2287000.0,2611000.0,2475000.0,2596000.0,2934000.0,2875000.0,2740000.0,3190000.0,3251000.0,3307000.0,3468000.0,3786000.0,3342000.0,3202000.0
Finland,8607000.0,8070000.0,8240000.0,7757000.0,9461000.0,9204000.0,12921000.0,13027000.0,10565000.0,10295000.0,10485000.0,11345000.0,10422000.0,11523000.0,12931000.0,13990000.0,13602000.0,16042000.0,18992000.0,20084000.0,19727000.0,20511000.0,21655000.0,19444000.0,18442000.0,13661000.0,13558000.0,15735000.0,14755000.0,14596000.0,12397000.0,11735000.0
France,67959000.0,63110000.0,63852000.0,60511000.0,58315000.0,62063000.0,63718000.0,70083000.0,75383000.0,82396000.0,71617000.0,74454000.0,84245000.0,99218000.0,102310000.0,109209000.0,116194000.0,129786000.0,149905000.0,134165000.0,156126000.0,164561000.0,163910000.0,184952000.0,172058000.0,165211000.0,161332000.0,169558000.0,180741000.0,165414000.0,167708000.0,172826000.0
French Polynesia,363000.0,292000.0,380000.0,471000.0,380000.0,402000.0,890000.0,263000.0,330000.0,254000.0,290000.0,248000.0,372000.0,393000.0,434000.0,485000.0,556000.0,611000.0,660000.0,679000.0,474000.0,570000.0,598000.0,568000.0,602000.0,536000.0,691000.0,544000.0,493000.0,565000.0,480000.0,527000.0
Gabon,143000.0,100000.0,190000.0,148000.0,133000.0,248000.0,236000.0,118000.0,124000.0,196000.0,129000.0,238000.0,103000.0,228000.0,260000.0,297000.0,363000.0,318000.0,778000.0,655000.0,989000.0,1359000.0,1565000.0,1645000.0,1847000.0,1839000.0,1630000.0,2264000.0,2140000.0,1634000.0,1961000.0,2258000.0
Gambia,11076000.0,7229000.0,10100000.0,6500000.0,3500000.0,721000.0,685000.0,7000000.0,6500000.0,1047000.0,1766000.0,649000.0,1073000.0,861000.0,7685000.0,6440000.0,8441000.0,2475000.0,2411000.0,1683000.0,3839000.0,3174000.0,2609000.0,2221000.0,2186000.0,1990000.0,1834000.0,1779000.0,1973000.0,2192000.0,1841000.0,2127000.0
Georgia,,,,110000.0,160000.0,400000.0,151000.0,121000.0,0.0,380000.0,552000.0,544000.0,667000.0,814000.0,1526000.0,1997000.0,2797000.0,3724000.0,5654000.0,4985000.0,4981000.0,5364000.0,5815000.0,7042000.0,8573000.0,6661000.0,6771000.0,7539000.0,8873000.0,9693000.0,10454000.0,9007000.0
Germany,84951000.0,85890000.0,87717000.0,115071000.0,110023000.0,132417000.0,159106000.0,119542000.0,129381000.0,125049000.0,98895000.0,97237000.0,97842000.0,119649000.0,117306000.0,120337000.0,143078000.0,153696000.0,183141000.0,150541000.0,168992000.0,213765000.0,212969000.0,233246000.0,236860000.0,224092000.0,231304000.0,228368000.0,237683000.0,225371000.0,197742000.0,244021000.0
Ghana,430000.0,570000.0,780000.0,1000000.0,620000.0,900000.0,915000.0,1072000.0,2028000.0,1258000.0,5284000.0,5731000.0,6758000.0,1590000.0,18549000.0,30995000.0,29911000.0,3094000.0,3894000.0,3724000.0,4178000.0,5675000.0,6020000.0,6603000.0,32153000.0,50909000.0,3384000.0,3697000.0,4071000.0,2876000.0,2800000.0,143100000.0
Greece,2286000.0,3286000.0,3692000.0,3390000.0,2340000.0,2685000.0,3536000.0,2799000.0,2146000.0,1843000.0,2148000.0,2590000.0,3134000.0,3928000.0,4323000.0,5379000.0,5829000.0,7063000.0,10016000.0,10271000.0,8887000.0,11011000.0,11108000.0,9910000.0,9652000.0,8784000.0,8791000.0,8977000.0,8743000.0,8354000.0,6655000.0,6855000.0
Grenada,61000.0,68000.0,40000.0,40000.0,60000.0,60000.0,63000.0,57000.0,125000.0,90000.0,90000.0,90000.0,80000.0,67000.0,52000.0,140000.0,68000.0,632000.0,18000.0,121000.0,92000.0,92000.0,92000.0,37000.0,10000.0,165000.0,250000.0,159000.0,309000.0,273000.0,287000.0,196000.0
Guatemala,6000.0,13000.0,18000.0,56000.0,137000.0,105000.0,172000.0,321000.0,768000.0,798000.0,344000.0,242000.0,910000.0,502000.0,301000.0,341000.0,634000.0,1154000.0,1957000.0,844000.0,1199000.0,1031000.0,1306000.0,1032000.0,1395000.0,1676000.0,1520000.0,1596000.0,1733000.0,2070000.0,2493000.0,2569000.0
Guinea,2900000.0,500000.0,1620000.0,250000.0,1000000.0,656000.0,611000.0,569000.0,503000.0,772000.0,562000.0,473000.0,582000.0,960000.0,2206000.0,2587000.0,1399000.0,2434000.0,2036000.0,2000000.0,3100000.0,27051000.0,18678000.0,11437000.0,3189000.0,2927000.0,3821000.0,14147000.0,13855000.0,15324000.0,18720000.0,24459000.0
Guinea-Bissau,130000.0,0.0,0.0,0.0,0.0,0.0,0.0,0.0,0.0,10000.0,270000.0,0.0,20000.0,74000.0,232000.0,4000.0,73000.0,11000.0,10000.0,10000.0,26000.0,26000.0,26000.0,1324000.0,4576000.0,1580000.0,1500000.0,,226000.0,49000.0,138000.0,118000.0
Guyana,170000.0,140000.0,80000.0,160000.0,170000.0,320000.0,250000.0,351000.0,376000.0,706000.0,575000.0,517000.0,766000.0,634000.0,585000.0,572000.0,602000.0,548000.0,887000.0,887000.0,807000.0,1104000.0,784000.0,903000.0,977000.0,1316000.0,1586000.0,1169000.0,1490000.0,1533000.0,1357000.0,1607000.0
Haiti,0.0,0.0,0.0,0.0,0.0,0.0,0.0,0.0,0.0,35000.0,1000.0,0.0,16000.0,0.0,39000.0,44000.0,2000.0,17000.0,75000.0,49000.0,45000.0,83000.0,54000.0,136000.0,71000.0,76000.0,40000.0,56000.0,21000.0,199000.0,246000.0,17000.0
Honduras,50000.0,47000.0,25000.0,45000.0,70000.0,52000.0,109000.0,119000.0,200000.0,238000.0,289000.0,351000.0,391000.0,403000.0,487000.0,562000.0,550000.0,743000.0,706000.0,624000.0,312000.0,382000.0,336000.0,324000.0,257000.0,320000.0,354000.0,232000.0,332000.0,320000.0,290000.0,543000.0
Hungary,4225000.0,1710000.0,1589000.0,3919000.0,4913000.0,4207000.0,5142000.0,4837000.0,6281000.0,3304000.0,4390000.0,5027000.0,4573000.0,6335000.0,7051000.0,8068000.0,12162000.0,12796000.0,13940000.0,11618000.0,12479000.0,10089000.0,9110000.0,7152000.0,10652000.0,8347000.0,7676000.0,8360000.0,8254000.0,8728000.0,8568000.0,10085000.0
Iceland,654000.0,822000.0,566000.0,652000.0,643000.0,736000.0,617000.0,651000.0,915000.0,731000.0,576000.0,622000.0,575000.0,803000.0,775000.0,1237000.0,1079000.0,1350000.0,1249000.0,1046000.0,960000.0,1415000.0,1207000.0,1309000.0,1538000.0,1399000.0,1509000.0,1738000.0,1734000.0,1602000.0,1311000.0,1468000.0
India,0.0,0.0,1954000.0,1278000.0,351000.0,856000.0,1738000.0,4803000.0,15559000.0,5933000.0,9446000.0,14722000.0,25393000.0,13535000.0,31327000.0,24297000.0,27612000.0,30658000.0,43513000.0,56088000.0,36283000.0,44915000.0,46292000.0,43796000.0,49568000.0,54222000.0,37780000.0,39390000.0,27499000.0,55114000.0,67447000.0,59406000.0
Indonesia,9005000.0,1016000.0,714000.0,777000.0,880000.0,293000.0,329000.0,2870000.0,4358000.0,615000.0,3091000.0,3497000.0,3652000.0,3837000.0,5531000.0,7165000.0,8703000.0,10660000.0,11990000.0,12537000.0,18551000.0,27318000.0,33250000.0,29343000.0,24430000.0,25747000.0,29844000.0,24855000.0,29430000.0,36037000.0,25857000.0,23019000.0
Iran (Islamic Republic of),117000000.0,114983000.0,214833000.0,126400000.0,44683000.0,68000000.0,68000000.0,27576000.0,29411000.0,49151000.0,53857000.0,50060000.0,366000.0,2000.0,32199000.0,88191000.0,65389000.0,103424000.0,123454000.0,209810000.0,153810000.0,202346000.0,293240000.0,399827000.0,257874000.0,321915000.0,261129000.0,282691000.0,292357000.0,440241000.0,277445000.0,233558000.0
Iraq,70000000.0,67000000.0,32000000.0,24500000.0,16000000.0,24500000.0,20000000.0,25000000.0,42759000.0,33000000.0,31500000.0,50000000.0,85888000.0,17921000.0,55012000.0,76262000.0,15659000.0,43028000.0,109985000.0,72503000.0,62225000.0,103945000.0,115450000.0,130987000.0,221344000.0,122240000.0,130592000.0,180429000.0,63275000.0,71255000.0,181342000.0,220693000.0
Ireland,34283000.0,28795000.0,25467000.0,23548000.0,24422000.0,22079000.0,25032000.0,28182000.0,27687000.0,24823000.0,26074000.0,24213000.0,27967000.0,35491000.0,34136000.0,26126000.0,29077000.0,35648000.0,45991000.0,47227000.0,47087000.0,49925000.0,38390000.0,36757000.0,37653000.0,37642000.0,39898000.0,50261000.0,50917000.0,51102000.0,48060000.0,42146000.0
Israel,7661000.0,6718000.0,6369000.0,5523000.0,7307000.0,6188000.0,5895000.0,6733000.0,6961000.0,7012000.0,6827000.0,7090000.0,8121000.0,5794000.0,7321000.0,6293000.0,5302000.0,6020000.0,8609000.0,7779000.0,9585000.0,9099000.0,10404000.0,8310000.0,9195000.0,11568000.0,8070000.0,9476000.0,9247000.0,8432000.0,9565000.0,9983000.0
Italy,31459000.0,36705000.0,41382000.0,30552000.0,31683000.0,29753000.0,28933000.0,29869000.0,33282000.0,33836000.0,32034000.0,30863000.0,36725000.0,39151000.0,48664000.0,45978000.0,52520000.0,54628000.0,60233000.0,59603000.0,66281000.0,68297000.0,69414000.0,75110000.0,79296000.0,73649000.0,80834000.0,80772000.0,78031000.0,76197000.0,75332000.0,84498000.0
Jamaica,533000.0,681000.0,345000.0,816000.0,762000.0,811000.0,1148000.0,1125000.0,600000.0,758000.0,850000.0,1124000.0,363000.0,363000.0,1086000.0,1172000.0,862000.0,1703000.0,1554000.0,1699000.0,1747000.0,1231000.0,1728000.0,2073000.0,2126000.0,1954000.0,1343000.0,1569000.0,1450000.0,1319000.0,1396000.0,1147000.0
Japan,132896000.0,138778000.0,160367000.0,146291000.0,162927000.0,184100000.0,200843000.0,195668000.0,180640000.0,178556000.0,208045000.0,208686000.0,178941000.0,160713000.0,193485000.0,181331000.0,179812000.0,180119000.0,182173000.0,164849000.0,194882000.0,207002000.0,195736000.0,195334000.0,189701000.0,174021000.0,165139000.0,177324000.0,182179000.0,179788000.0,156431000.0,173976000.0
Jordan,15338000.0,14670000.0,11746000.0,11110000.0,13780000.0,12062000.0,14000000.0,18600000.0,17242000.0,14170000.0,16461000.0,15568000.0,15827000.0,13411000.0,17511000.0,19608000.0,19013000.0,20496000.0,30550000.0,29258000.0,33708000.0,37420000.0,29340000.0,35262000.0,43785000.0,45994000.0,43806000.0,50768000.0,52646000.0,46341000.0,59014000.0,42851000.0
Kazakhstan,,,9207000.0,15130000.0,13000000.0,28833000.0,26106000.0,16743000.0,27430000.0,27831000.0,21240000.0,25134000.0,25930000.0,31228000.0,44086000.0,44129000.0,57348000.0,74455000.0,93895000.0,90416000.0,105203000.0,121288000.0,138617000.0,147705000.0,129116000.0,110201000.0,112244000.0,122745000.0,112747000.0,107803000.0,101237000.0,108562000.0
Kenya,54000.0,325000.0,232000.0,36000.0,484000.0,1923000.0,26000.0,339000.0,25000.0,390000.0,330000.0,4661000.0,5868000.0,7785000.0,6681000.0,8082000.0,11181000.0,8204000.0,4393000.0,4536000.0,17292000.0,168541000.0,188794000.0,19182000.0,206433000.0,196451000.0,12005000.0,14189000.0,18029000.0,11691000.0,14907000.0,14208000.0
Kiribati,188000.0,198000.0,154000.0,200000.0,165000.0,346000.0,324000.0,243000.0,180000.0,180000.0,160000.0,130000.0,146000.0,80000.0,185000.0,458000.0,207000.0,410000.0,188000.0,202000.0,139000.0,251000.0,288000.0,1110000.0,199000.0,150000.0,268000.0,190000.0,226000.0,133000.0,264000.0,182000.0
Kuwait,11093000.0,7257000.0,14156000.0,16517000.0,22743000.0,26257000.0,24051000.0,29271000.0,30630000.0,31856000.0,26135000.0,25508000.0,9431000.0,2581000.0,8452000.0,11379000.0,4266000.0,3209000.0,27093000.0,27093000.0,45919000.0,38198000.0,30419000.0,61689000.0,70591000.0,52372000.0,55907000.0,60288000.0,61386000.0,65286000.0,60501000.0,61392000.0
Kyrgyzstan,,,,,,,1549000.0,4683000.0,8354000.0,5661000.0,5242000.0,5195000.0,2124000.0,2492000.0,2678000.0,2939000.0,3646000.0,3541000.0,5088000.0,5329000.0,5482000.0,6910000.0,9868000.0,16339000.0,14215000.0,9678000.0,9355000.0,11385000.0,12791000.0,11310000.0,10884000.0,12490000.0
Lao People's Democratic Republic,0.0,0.0,0.0,0.0,5000.0,25000.0,165000.0,19000.0,42000.0,32000.0,12000.0,20000.0,2000.0,0.0,62000.0,69000.0,58000.0,116000.0,129000.0,69000.0,186000.0,133000.0,227000.0,220000.0,385000.0,121000.0,664000.0,899000.0,862000.0,1174000.0,1185000.0,2314000.0
Latvia,,,131000.0,961000.0,845000.0,1048000.0,2298000.0,3338000.0,7670000.0,8027000.0,8657000.0,7111000.0,7695000.0,8605000.0,5584000.0,5468000.0,6206000.0,8348000.0,10922000.0,10480000.0,17426000.0,18383000.0,15598000.0,13250000.0,12992000.0,11750000.0,11226000.0,10018000.0,9541000.0,9648000.0,10863000.0,11527000.0
Lebanon,7200000.0,10700000.0,7100000.0,3600000.0,3200000.0,5200000.0,7700000.0,7367000.0,9906000.0,7403000.0,6154000.0,9031000.0,8149000.0,8066000.0,7425000.0,8187000.0,8585000.0,9665000.0,13754000.0,14692000.0,16838000.0,18227000.0,19406000.0,23800000.0,27805000.0,21787000.0,23438000.0,30841000.0,26904000.0,23742000.0,19518000.0,22753000.0
Lesotho,1180000.0,1400000.0,1400000.0,1400000.0,1400000.0,1400000.0,838000.0,800000.0,600000.0,400000.0,200000.0,100000.0,3000.0,1000.0,1000.0,1000.0,2000.0,2000.0,2000.0,2000.0,2000.0,2000.0,0.0,1986000.0,1796000.0,2446000.0,1647000.0,2331000.0,996000.0,1295000.0,2370000.0,2921000.0
Liberia,2400000.0,1200000.0,100000.0,7000000.0,100000.0,3100000.0,4800000.0,160000.0,2000000.0,280000.0,490000.0,500000.0,1510000.0,103000.0,921000.0,780000.0,253000.0,680000.0,627000.0,632000.0,707000.0,818000.0,973000.0,990000.0,969000.0,1105000.0,984000.0,1003000.0,749000.0,1171000.0,1256000.0,1944000.0
Libya,49110000.0,30121000.0,40000000.0,20500000.0,11700000.0,36384000.0,18000000.0,40000000.0,50000000.0,15000000.0,25924000.0,40550000.0,18406000.0,17439000.0,13135000.0,36988000.0,19870000.0,2164000.0,28470000.0,36530000.0,43916000.0,31104000.0,71636000.0,42022000.0,67019000.0,57415000.0,56699000.0,74758000.0,27688000.0,20974000.0,47227000.0,75232000.0
Lithuania,,,550000.0,600000.0,1761000.0,1902000.0,4806000.0,5715000.0,8470000.0,6964000.0,6221000.0,6656000.0,6189000.0,6305000.0,6741000.0,7111000.0,8120000.0,11110000.0,12113000.0,13793000.0,16276000.0,18619000.0,16747000.0,17276000.0,21770000.0,22790000.0,12789000.0,15524000.0,13301000.0,12488000.0,10957000.0,11164000.0
Luxembourg,,,,,,,,,,,910000.0,1145000.0,1402000.0,1744000.0,2135000.0,2171000.0,1935000.0,2265000.0,2457000.0,2285000.0,2260000.0,2425000.0,2425000.0,3062000.0,3168000.0,3172000.0,4126000.0,3487000.0,3573000.0,3178000.0,3263000.0,3511000.0
Madagascar,25000.0,3000.0,8000.0,4000.0,12000.0,10000.0,41000.0,18000.0,19000.0,31000.0,15000.0,37000.0,18000.0,109000.0,26000.0,39000.0,49000.0,58000.0,86000.0,62000.0,59000.0,77000.0,74000.0,117000.0,65000.0,84000.0,109000.0,88000.0,108000.0,115000.0,88000.0,110000.0
Malawi,1000.0,43000.0,6000.0,22000.0,293000.0,1000.0,1000.0,13000.0,66000.0,50000.0,16000.0,25000.0,274000.0,486000.0,53000.0,118000.0,180000.0,335000.0,319000.0,340000.0,464000.0,307000.0,360000.0,464000.0,301000.0,342000.0,179000.0,228000.0,354000.0,397000.0,362000.0,185000.0
Malaysia,8156000.0,8347000.0,9497000.0,8971000.0,11019000.0,10882000.0,11984000.0,15000000.0,8660000.0,8600000.0,9890000.0,11179000.0,12847000.0,13488000.0,17017000.0,19204000.0,20318000.0,24293000.0,24788000.0,29111000.0,37160000.0,39416000.0,45418000.0,51071000.0,60397000.0,52273000.0,59277000.0,65454000.0,77386000.0,96600000.0,80330000.0,88804000.0
Maldives,580000.0,660000.0,370000.0,518000.0,413000.0,413000.0,522000.0,487000.0,548000.0,511000.0,607000.0,544000.0,584000.0,649000.0,746000.0,571000.0,723000.0,827000.0,894000.0,1868000.0,1004000.0,1376000.0,2124000.0,2152000.0,1855000.0,1623000.0,1868000.0,2205000.0,2082000.0,2257000.0,2405000.0,2475000.0
Mali,3800000.0,600000.0,21389000.0,4200000.0,5100000.0,17000000.0,17491000.0,11589000.0,19779000.0,13454000.0,12166000.0,10402000.0,8309000.0,9857000.0,10471000.0,7872000.0,11805000.0,13494000.0,18042000.0,27711000.0,28880000.0,31643000.0,18743000.0,38158000.0,32417000.0,33034000.0,25193000.0,33513000.0,35923000.0,38369000.0,22654000.0,34787000.0
Malta,1991000.0,1864000.0,2041000.0,1660000.0,1627000.0,1869000.0,2184000.0,2165000.0,2700000.0,1866000.0,1715000.0,2510000.0,2283000.0,2412000.0,2434000.0,2320000.0,2295000.0,2838000.0,2887000.0,3344000.0,2901000.0,3584000.0,3094000.0,2931000.0,2894000.0,3593000.0,2452000.0,2715000.0,2162000.0,1898000.0,1953000.0,2058000.0
Mauritania,24000000.0,13404000.0,18022000.0,5200000.0,3200000.0,2500000.0,3500000.0,1600000.0,2070000.0,7230000.0,10000000.0,8000000.0,7488000.0,15917000.0,22416000.0,4849000.0,24295000.0,17603000.0,10791000.0,36950000.0,10000000.0,11989000.0,13676000.0,16062000.0,18059000.0,63393000.0,18841000.0,18647000.0,18879000.0,20586000.0,20292000.0,24290000.0
Mauritius,31000.0,43000.0,31000.0,89000.0,55000.0,28000.0,39000.0,44000.0,69000.0,13000.0,51000.0,40000.0,69000.0,54000.0,65000.0,62000.0,109000.0,152000.0,166000.0,131000.0,166000.0,231000.0,198000.0,337000.0,336000.0,592000.0,985000.0,1386000.0,1556000.0,1475000.0,1592000.0,1646000.0
Mexico,1434000.0,1300000.0,1536000.0,1380000.0,2136000.0,2099000.0,2329000.0,1462000.0,1543000.0,1727000.0,2798000.0,2697000.0,1955000.0,1671000.0,2452000.0,2017000.0,2885000.0,3862000.0,5366000.0,3850000.0,4645000.0,6200000.0,6089000.0,8054000.0,7988000.0,9582000.0,10205000.0,9909000.0,12892000.0,10649000.0,7394000.0,8770000.0
Mongolia,6000000.0,3700000.0,3500000.0,5200000.0,270000.0,600000.0,546000.0,639000.0,922000.0,638000.0,891000.0,1092000.0,1094000.0,1143000.0,1330000.0,1185000.0,1678000.0,2066000.0,3535000.0,3510000.0,3658000.0,5375000.0,5076000.0,5382000.0,5667000.0,4137000.0,4193000.0,4320000.0,4993000.0,3878000.0,3771000.0,5213000.0
Montenegro,,,,,,,,,,,,,,,,,240000.0,410000.0,542000.0,292000.0,280000.0,334000.0,339000.0,428000.0,370000.0,314000.0,349000.0,335000.0,282000.0,397000.0,209000.0,365000.0
Morocco,71022000.0,60563000.0,73961000.0,70957000.0,74063000.0,81368000.0,57462000.0,68755000.0,78077000.0,72504000.0,69687000.0,59395000.0,58235000.0,63762000.0,72958000.0,84740000.0,88968000.0,97023000.0,101113000.0,107908000.0,111523000.0,219619000.0,167199000.0,189667000.0,189795000.0,196889000.0,199189000.0,220461000.0,220276000.0,231907000.0,202682000.0,207481000.0
Mozambique,0.0,0.0,0.0,0.0,0.0,0.0,0.0,0.0,0.0,0.0,0.0,0.0,1960000.0,1885000.0,2358000.0,2650000.0,2804000.0,1368000.0,2894000.0,4892000.0,5640000.0,8860000.0,1016000.0,13505000.0,4770000.0,4576000.0,3605000.0,13439000.0,12655000.0,4153000.0,3204000.0,3778000.0
Myanmar,0.0,11000.0,0.0,0.0,0.0,0.0,190000.0,190000.0,110000.0,225000.0,325000.0,650000.0,903000.0,1664000.0,2899000.0,2714000.0,1061000.0,1604000.0,2345000.0,4178000.0,6886000.0,7282000.0,10482000.0,9840000.0,2226000.0,2279000.0,1747000.0,2576000.0,1307000.0,1376000.0,1313000.0,3819000.0
Namibia,,,,,,,,3635000.0,2821000.0,2951000.0,1987000.0,1921000.0,1207000.0,2158000.0,600000.0,750000.0,187000.0,824000.0,951000.0,177000.0,177000.0,225000.0,5376000.0,4413000.0,4447000.0,4481000.0,4348000.0,5346000.0,5831000.0,5160000.0,3870000.0,4421000.0
Nauru,0.0,0.0,0.0,0.0,0.0,0.0,0.0,0.0,0.0,0.0,0.0,0.0,41000.0,40000.0,12000.0,1000.0,41000.0,41000.0,44000.0,6000.0,6000.0,6000.0,6000.0,6000.0,397000.0,12000.0,8000.0,23000.0,43000.0,27000.0,13000.0,28000.0
Nepal,1570000.0,2344000.0,1200000.0,1282000.0,1896000.0,1307000.0,951000.0,1526000.0,911000.0,1170000.0,1068000.0,1329000.0,785000.0,473000.0,503000.0,359000.0,402000.0,412000.0,501000.0,439000.0,480000.0,583000.0,590000.0,581000.0,678000.0,776000.0,784000.0,1013000.0,1219000.0,939000.0,928000.0,1009000.0
Netherlands,53595000.0,53358000.0,58227000.0,54605000.0,52155000.0,49068000.0,44255000.0,51424000.0,58015000.0,45092000.0,45725000.0,50811000.0,56679000.0,56433000.0,67735000.0,73423000.0,76156000.0,90341000.0,107964000.0,100405000.0,101137000.0,107785000.0,110789000.0,144804000.0,123375000.0,108199000.0,126185000.0,145599000.0,153517000.0,150372000.0,157682000.0,158674000.0
New Caledonia,400000.0,362000.0,520000.0,600000.0,650000.0,500000.0,759000.0,788000.0,566000.0,390000.0,390000.0,587000.0,781000.0,800000.0,1038000.0,959000.0,1135000.0,1136000.0,721000.0,1350000.0,1143000.0,1252000.0,1396000.0,1403000.0,1232000.0,1404000.0,734000.0,960000.0,1023000.0,992000.0,1095000.0,996000.0
New Zealand,10028000.0,9400000.0,9271000.0,9613000.0,9949000.0,11130000.0,12357000.0,13920000.0,12673000.0,13014000.0,11879000.0,10748000.0,9932000.0,12259000.0,10141000.0,15423000.0,15988000.0,15458000.0,18184000.0,20038000.0,20970000.0,15536000.0,21917000.0,22459000.0,23721000.0,21212000.0,24041000.0,27540000.0,23440000.0,24246000.0,26546000.0,20702000.0
Nicaragua,0.0,77000.0,135000.0,66000.0,64000.0,67000.0,96000.0,84000.0,159000.0,176000.0,169000.0,174000.0,156000.0,179000.0,190000.0,112000.0,311000.0,231000.0,94000.0,83000.0,77000.0,84000.0,102000.0,122000.0,125000.0,280000.0,296000.0,269000.0,254000.0,208000.0,1259000.0,689000.0
Niger,2544000.0,1000000.0,1000000.0,900000.0,381000.0,1117000.0,2350000.0,3290000.0,3600000.0,4013000.0,3711000.0,2051000.0,1913000.0,3930000.0,5125000.0,4095000.0,4207000.0,5049000.0,5866000.0,10998000.0,5184000.0,7133000.0,11549000.0,9033000.0,7486000.0,6824000.0,7976000.0,9304000.0,10216000.0,12437000.0,10007000.0,24753000.0
Nigeria,1481000.0,5382000.0,5149000.0,4800000.0,5600000.0,14201000.0,6200000.0,4700000.0,6900000.0,6462000.0,7102000.0,4000000.0,12992000.0,9555000.0,4255000.0,1577000.0,9171000.0,31570000.0,10959000.0,12000000.0,13794000.0,4904000.0,4474000.0,4500000.0,8877000.0,6573000.0,21124000.0,20429000.0,20391000.0,22476000.0,25214000.0,20761000.0
Niue,0.0,0.0,0.0,0.0,0.0,0.0,0.0,0.0,0.0,0.0,0.0,0.0,6000.0,6000.0,6000.0,6000.0,8000.0,8000.0,11000.0,11000.0,9000.0,9000.0,9000.0,9000.0,15000.0,15000.0,18000.0,15000.0,12000.0,6000.0,12000.0,17000.0
North Macedonia,,,2606000.0,714000.0,1052000.0,1062000.0,1032000.0,1300000.0,1300000.0,1560000.0,1266000.0,826000.0,1201000.0,1114000.0,1156000.0,1213000.0,1132000.0,598000.0,1736000.0,1517000.0,1358000.0,1691000.0,1714000.0,1435000.0,1723000.0,1760000.0,1457000.0,2097000.0,1825000.0,1729000.0,1668000.0,528000.0
Norway,11237000.0,12337000.0,11686000.0,10395000.0,10819000.0,11406000.0,12219000.0,12762000.0,11624000.0,11933000.0,11216000.0,10864000.0,11353000.0,14355000.0,12857000.0,14392000.0,13523000.0,16202000.0,17993000.0,16209000.0,16861000.0,17854000.0,18623000.0,20241000.0,21549000.0,18740000.0,17424000.0,17018000.0,17317000.0,16010000.0,16381000.0,18751000.0
Oman,7011000.0,8293000.0,8100000.0,8850000.0,9842000.0,8508000.0,10110000.0,12036000.0,13290000.0,11030000.0,9563000.0,10407000.0,13196000.0,22613000.0,18180000.0,16502000.0,18833000.0,18915000.0,19524000.0,23438000.0,24584000.0,24849000.0,26792000.0,32447000.0,38409000.0,30124000.0,29960000.0,44274000.0,32509000.0,9403000.0,33862000.0,36099000.0
Pakistan,182161000.0,164064000.0,171685000.0,210045000.0,185428000.0,191193000.0,171201000.0,135675000.0,244278000.0,245296000.0,222171000.0,178791000.0,160861000.0,174848000.0,190196000.0,221820000.0,221244000.0,213404000.0,181699000.0,213187000.0,266639000.0,350821000.0,361651000.0,318315000.0,328287000.0,458103000.0,489960000.0,549617000.0,571327000.0,496017000.0,589756000.0,594730000.0
Palestine,,,,,,4045000.0,6288000.0,7363000.0,6744000.0,1355000.0,364000.0,5248000.0,3921000.0,4164000.0,4024000.0,4769000.0,3590000.0,1454000.0,282000.0,1750000.0,7195000.0,1101000.0,362000.0,1608000.0,,,,,,,,1724000.0
Panama,570000.0,781000.0,535000.0,656000.0,1014000.0,735000.0,1266000.0,904000.0,895000.0,1100000.0,895000.0,850000.0,1148000.0,1132000.0,1456000.0,1420000.0,1283000.0,1396000.0,1725000.0,1359000.0,1952000.0,2495000.0,3068000.0,2718000.0,2185000.0,2002000.0,1825000.0,2997000.0,2716000.0,2531000.0,3137000.0,4090000.0
Papua New Guinea,631000.0,220000.0,280000.0,270000.0,250000.0,330000.0,282000.0,330000.0,260000.0,110000.0,118000.0,161000.0,107000.0,62000.0,34000.0,67000.0,166000.0,54000.0,192000.0,190000.0,330000.0,458000.0,159000.0,633000.0,358000.0,324000.0,378000.0,406000.0,355000.0,359000.0,408000.0,374000.0
Paraguay,132000.0,287000.0,138000.0,193000.0,298000.0,396000.0,270000.0,287000.0,303000.0,220000.0,223000.0,282000.0,128000.0,289000.0,706000.0,389000.0,350000.0,275000.0,285000.0,362000.0,560000.0,1973000.0,1396000.0,1777000.0,1093000.0,1385000.0,1536000.0,1299000.0,1215000.0,1155000.0,1061000.0,1085000.0
Peru,,,,,,,90000.0,0.0,182000.0,142000.0,140000.0,1451000.0,1416000.0,1130000.0,1431000.0,1421000.0,1618000.0,1814000.0,2175000.0,1153000.0,1072000.0,1319000.0,1310000.0,1616000.0,1775000.0,1701000.0,1900000.0,2244000.0,2418000.0,2192000.0,2784000.0,4556000.0
Philippines,510000.0,361000.0,338000.0,574000.0,756000.0,680000.0,1064000.0,2135000.0,933000.0,1310000.0,1054000.0,1636000.0,1846000.0,1984000.0,2111000.0,2896000.0,3173000.0,3065000.0,5010000.0,5101000.0,4623000.0,4642000.0,5818000.0,4353000.0,4591000.0,4005000.0,6079000.0,7070000.0,7665000.0,11690000.0,8135000.0,11016000.0
Poland,29850000.0,16726000.0,36708000.0,60620000.0,60126000.0,65776000.0,69831000.0,75204000.0,86785000.0,60192000.0,50568000.0,53636000.0,47444000.0,47402000.0,65576000.0,60524000.0,60153000.0,69161000.0,100390000.0,111185000.0,134540000.0,141222000.0,99338000.0,103812000.0,114478000.0,107659000.0,105670000.0,117106000.0,116025000.0,121415000.0,131628000.0,122875000.0
Portugal,1148000.0,1705000.0,1453000.0,1702000.0,1301000.0,1536000.0,1708000.0,1835000.0,1733000.0,2099000.0,1832000.0,1683000.0,2203000.0,2865000.0,3827000.0,4155000.0,5521000.0,5641000.0,6985000.0,8255000.0,9387000.0,9079000.0,10419000.0,11590000.0,12159000.0,8458000.0,6899000.0,7333000.0,7674000.0,7183000.0,5708000.0,6763000.0
Qatar,5500000.0,5989000.0,6336000.0,5813000.0,6594000.0,6979000.0,6979000.0,6979000.0,6979000.0,710000.0,7279000.0,8090000.0,8807000.0,10179000.0,4640000.0,10248000.0,12561000.0,15039000.0,18927000.0,3196000.0,23391000.0,24381000.0,25370000.0,26360000.0,32471000.0,28777000.0,31531000.0,33374000.0,30215000.0,26389000.0,24338000.0,26201000.0
Republic of Korea,140000.0,154000.0,328000.0,303000.0,1452000.0,706000.0,1255000.0,1014000.0,779000.0,1268000.0,1746000.0,1542000.0,1764000.0,1736000.0,2041000.0,4030000.0,6466000.0,4572000.0,3135000.0,3290000.0,4161000.0,5336000.0,7935000.0,9741000.0,11951000.0,9800000.0,10466000.0,16004000.0,20851000.0,20039000.0,21220000.0,24894000.0
Republic of Moldova,,,23000.0,0.0,549000.0,216000.0,335000.0,396000.0,230000.0,444000.0,579000.0,844000.0,856000.0,1477000.0,2295000.0,2940000.0,3408000.0,5217000.0,6414000.0,5896000.0,6780000.0,7383000.0,6921000.0,7478000.0,7332000.0,6977000.0,7281000.0,8610000.0,8041000.0,7791000.0,7057000.0,7357000.0
Romania,123000.0,602000.0,167000.0,547000.0,233000.0,738000.0,662000.0,449000.0,1437000.0,1024000.0,961000.0,689000.0,1069000.0,1549000.0,1808000.0,2280000.0,2998000.0,3970000.0,5782000.0,4636000.0,3537000.0,4642000.0,3710000.0,4424000.0,4760000.0,4541000.0,4845000.0,5316000.0,5111000.0,5205000.0,4699000.0,4944000.0
Russian Federation,725498000.0,378000000.0,154800000.0,247000000.0,260369000.0,291411000.0,202931000.0,281156000.0,311627000.0,283007000.0,225815000.0,205005000.0,228677000.0,244834000.0,292151000.0,313074000.0,354384000.0,432344000.0,510872000.0,500455000.0,563106000.0,625187000.0,650201000.0,657076000.0,645822000.0,637829000.0,548259000.0,524966000.0,497069000.0,425911000.0,412245000.0,436239000.0
Rwanda,,,,,,,5000.0,2000.0,,44000.0,,1000.0,0.0,0.0,7000.0,14000.0,42000.0,132000.0,118000.0,126000.0,142000.0,121000.0,402000.0,178000.0,479000.0,429000.0,365000.0,459000.0,540000.0,307000.0,403000.0,221000.0
Saint Kitts and Nevis,45000.0,60000.0,50000.0,65000.0,55000.0,44000.0,50000.0,55000.0,180000.0,90000.0,78000.0,58000.0,79000.0,80000.0,27000.0,27000.0,49000.0,21000.0,56000.0,55000.0,93000.0,16000.0,16000.0,17000.0,10000.0,58000.0,99000.0,133000.0,61000.0,19000.0,101000.0,27000.0
Saint Lucia,150000.0,325000.0,198000.0,255000.0,206000.0,371000.0,133000.0,182000.0,341000.0,232000.0,302000.0,237000.0,230000.0,301000.0,268000.0,298000.0,365000.0,341000.0,345000.0,176000.0,222000.0,130000.0,204000.0,226000.0,443000.0,467000.0,433000.0,453000.0,547000.0,466000.0,409000.0,211000.0
Saint Vincent and the Grenadines,47000.0,55000.0,90000.0,45000.0,70000.0,90000.0,20000.0,71000.0,80000.0,70000.0,16000.0,59000.0,124000.0,99000.0,69000.0,111000.0,110000.0,168000.0,187000.0,129000.0,182000.0,190000.0,190000.0,190000.0,140000.0,149000.0,164000.0,107000.0,112000.0,126000.0,157000.0,99000.0
Samoa,147000.0,80000.0,130000.0,120000.0,170000.0,140000.0,90000.0,150000.0,130000.0,110000.0,30000.0,60000.0,118000.0,114000.0,101000.0,166000.0,114000.0,246000.0,278000.0,255000.0,289000.0,180000.0,187000.0,247000.0,210000.0,232000.0,264000.0,202000.0,279000.0,174000.0,407000.0,330000.0
Sao Tome and Principe,0.0,0.0,0.0,0.0,0.0,0.0,0.0,0.0,0.0,0.0,0.0,0.0,18000.0,9000.0,8000.0,21000.0,847000.0,587000.0,45000.0,23000.0,41000.0,113000.0,55000.0,58000.0,110000.0,41000.0,54000.0,64000.0,39000.0,40000.0,38000.0,39000.0
Saudi Arabia,75865000.0,74545000.0,38036000.0,46169000.0,30911000.0,55152000.0,62216000.0,55340000.0,60736000.0,65000000.0,129023000.0,114490000.0,113494000.0,116533000.0,111418000.0,132860000.0,135052000.0,159388000.0,76795000.0,153783000.0,211271000.0,231732000.0,239142000.0,232594000.0,250505000.0,254004000.0,259684000.0,256847000.0,252516000.0,236629000.0,243557000.0,189383000.0
Senegal,12791000.0,4139000.0,8519000.0,6181000.0,13300000.0,9612000.0,11661000.0,7621000.0,9802000.0,11040000.0,11509000.0,10806000.0,6229000.0,8002000.0,6991000.0,6712000.0,6357000.0,8595000.0,8586000.0,7904000.0,8554000.0,7569000.0,8629000.0,7859000.0,8784000.0,8755000.0,7917000.0,7578000.0,11014000.0,6513000.0,4920000.0,6591000.0
Serbia,,,,,,,,,,,,,,,,,502000.0,647000.0,820000.0,767000.0,514000.0,701000.0,668000.0,686000.0,692000.0,719000.0,635000.0,664000.0,676000.0,744000.0,908000.0,784000.0
Serbia and Montenegro,,,2557000.0,0.0,0.0,0.0,2138000.0,4062000.0,3474000.0,226000.0,117000.0,221000.0,453000.0,255000.0,491000.0,393000.0,,,,,,,,,,,,,,,,
Seychelles,107000.0,146000.0,107000.0,140000.0,104000.0,99000.0,118000.0,156000.0,125000.0,125000.0,130000.0,110000.0,159000.0,82000.0,137000.0,120000.0,143000.0,287000.0,432000.0,376000.0,411000.0,268000.0,487000.0,424000.0,304000.0,507000.0,609000.0,622000.0,777000.0,666000.0,718000.0,660000.0
Sierra Leone,200000.0,250000.0,310000.0,100000.0,170000.0,130000.0,180000.0,110000.0,110000.0,60000.0,55000.0,55000.0,83000.0,356000.0,657000.0,662000.0,435000.0,627000.0,532000.0,822000.0,531000.0,1068000.0,822000.0,1200000.0,2345000.0,1492000.0,1515000.0,1705000.0,758000.0,1984000.0,2156000.0,2473000.0
Singapore,22242000.0,17181000.0,16556000.0,24764000.0,22292000.0,18260000.0,17209000.0,16220000.0,15051000.0,14385000.0,17287000.0,16980000.0,15199000.0,11558000.0,11601000.0,15873000.0,17775000.0,17864000.0,21826000.0,22366000.0,25898000.0,30958000.0,37110000.0,40038000.0,40003000.0,39770000.0,43129000.0,46152000.0,45758000.0,50738000.0,47298000.0,44052000.0
Slovakia,,,,1819000.0,1973000.0,2211000.0,2288000.0,1863000.0,2245000.0,1912000.0,1854000.0,1679000.0,1780000.0,2218000.0,3352000.0,2787000.0,3255000.0,4511000.0,5887000.0,5960000.0,5902000.0,5668000.0,4129000.0,4971000.0,4818000.0,4112000.0,3788000.0,4099000.0,3920000.0,3672000.0,3381000.0,3683000.0
Slovenia,,,460000.0,494000.0,383000.0,335000.0,425000.0,328000.0,267000.0,720000.0,1854000.0,353000.0,481000.0,662000.0,793000.0,1334000.0,1416000.0,2003000.0,1825000.0,2325000.0,2208000.0,2102000.0,1930000.0,2087000.0,1976000.0,1669000.0,1502000.0,1823000.0,1996000.0,2693000.0,1924000.0,2061000.0
Solomon Islands,270000.0,150000.0,200000.0,130000.0,32000.0,23000.0,83000.0,6000.0,6000.0,3000.0,4000.0,6000.0,91000.0,130000.0,192000.0,179000.0,401000.0,203000.0,24000.0,142000.0,75000.0,426000.0,627000.0,596000.0,52000.0,27000.0,190000.0,1153000.0,1631000.0,118000.0,66000.0,156000.0
Somalia,2400000.0,1800000.0,1700000.0,2100000.0,3000000.0,5200000.0,4500000.0,3200000.0,3300000.0,2800000.0,2600000.0,2015000.0,793000.0,4322000.0,2575000.0,2838000.0,2197000.0,3016000.0,6542000.0,4460000.0,4102000.0,507000.0,1188000.0,5733000.0,404000.0,1198000.0,606000.0,4738000.0,10208000.0,9779000.0,8416000.0,9737000.0
South Africa,14715000.0,11789000.0,17277000.0,17537000.0,14965000.0,16154000.0,16392000.0,22660000.0,19051000.0,16214000.0,17243000.0,15922000.0,16287000.0,16044000.0,19877000.0,24128000.0,31853000.0,25699000.0,28953000.0,41248000.0,47172000.0,45012000.0,50245000.0,57822000.0,51932000.0,47938000.0,50649000.0,52965000.0,44349000.0,40176000.0,40015000.0,37518000.0
South Sudan,,,,,,,,,,,,,,,,,,,,,,,0.0,0.0,865000.0,1933000.0,1622000.0,2613000.0,4238000.0,3429000.0,2798000.0,1166000.0
Spain,7331000.0,7544000.0,8833000.0,7280000.0,6897000.0,7835000.0,5761000.0,5394000.0,6427000.0,6496000.0,6400000.0,9119000.0,8474000.0,12084000.0,14262000.0,14221000.0,16786000.0,19033000.0,24636000.0,20255000.0,19742000.0,27757000.0,24667000.0,24173000.0,28451000.0,26599000.0,28681000.0,33575000.0,35034000.0,38823000.0,46478000.0,51000000.0
Sri Lanka,3143000.0,1014000.0,2727000.0,4116000.0,1054000.0,1316000.0,5746000.0,8035000.0,9846000.0,3336000.0,6818000.0,7275000.0,6688000.0,10989000.0,14823000.0,13785000.0,22040000.0,31671000.0,34891000.0,24266000.0,29952000.0,35423000.0,19580000.0,14577000.0,14925000.0,17824000.0,15204000.0,23715000.0,19938000.0,18723000.0,15525000.0,18271000.0
Sudan,,,,,,,,,,,,,,,,,,,,,,,43827000.0,70143000.0,68799000.0,50201000.0,55309000.0,57870000.0,61215000.0,42998000.0,50000000.0,44037000.0
Sudan (former),17000000.0,15000000.0,9500000.0,28555000.0,24795000.0,26585000.0,33350000.0,32888000.0,36441000.0,38691000.0,29035000.0,44013000.0,30485000.0,23091000.0,23946000.0,23437000.0,34252000.0,46002000.0,51214000.0,56365000.0,82229000.0,57520000.0,,,,,,,,,,
Suriname,432000.0,326000.0,408000.0,200000.0,220000.0,438000.0,1279000.0,901000.0,610000.0,970000.0,710000.0,600000.0,472000.0,451000.0,666000.0,581000.0,585000.0,458000.0,1012000.0,1050000.0,1017000.0,1529000.0,1359000.0,1345000.0,1640000.0,1500000.0,1316000.0,1772000.0,1564000.0,1218000.0,1270000.0,1215000.0
Sweden,18934000.0,18693000.0,18183000.0,16644000.0,19786000.0,22675000.0,22817000.0,24810000.0,26015000.0,25173000.0,26336000.0,23626000.0,23709000.0,25661000.0,30774000.0,31660000.0,34576000.0,42632000.0,49239000.0,45818000.0,40641000.0,41479000.0,36677000.0,38771000.0,35668000.0,33674000.0,37949000.0,38336000.0,39109000.0,35110000.0,33684000.0,31689000.0
Switzerland,11142000.0,11273000.0,12147000.0,11507000.0,11606000.0,12783000.0,11351000.0,13779000.0,17100000.0,15753000.0,14517000.0,14334000.0,16675000.0,18569000.0,19084000.0,19764000.0,19648000.0,18846000.0,24746000.0,22114000.0,24967000.0,28372000.0,28807000.0,35704000.0,36649000.0,33761000.0,33377000.0,35536000.0,37143000.0,36610000.0,38916000.0,40239000.0
Syrian Arab Republic,30096000.0,35486000.0,30298000.0,35325000.0,36283000.0,27512000.0,40587000.0,34070000.0,34542000.0,45233000.0,36485000.0,39677000.0,55128000.0,53841000.0,58727000.0,75291000.0,53799000.0,56224000.0,70125000.0,68217000.0,69758000.0,144698000.0,118220000.0,111188000.0,86110000.0,58258000.0,64423000.0,46628000.0,43000000.0,56000000.0,57245000.0,45228000.0
Tajikistan,,,,1300000.0,1000000.0,1300000.0,523000.0,1432000.0,2190000.0,1073000.0,751000.0,1097000.0,4367000.0,4837000.0,6000000.0,7800000.0,5883000.0,6000000.0,2763000.0,8400000.0,8060000.0,8700000.0,7300000.0,6100000.0,11948000.0,7381000.0,10165000.0,7056000.0,7718000.0,7092000.0,7424000.0,6580000.0
Thailand,907000.0,905000.0,1207000.0,1227000.0,1588000.0,1421000.0,1742000.0,1088000.0,1064000.0,969000.0,1171000.0,1401000.0,2240000.0,2358000.0,3270000.0,2867000.0,3229000.0,3466000.0,4338000.0,4730000.0,5777000.0,9959000.0,11529000.0,12141000.0,14212000.0,13601000.0,17675000.0,15751000.0,19674000.0,19602000.0,25992000.0,22778000.0
Timor-Leste,150000.0,160000.0,160000.0,160000.0,165000.0,165000.0,165000.0,170000.0,170000.0,170000.0,175000.0,175000.0,175000.0,180000.0,20000.0,30000.0,18000.0,0.0,50000.0,38000.0,86000.0,113000.0,196000.0,159000.0,257000.0,263000.0,372000.0,235000.0,238000.0,218000.0,305000.0,461000.0
Togo,185000.0,100000.0,103000.0,88000.0,31000.0,52000.0,55000.0,49000.0,67000.0,57000.0,48000.0,50000.0,88000.0,150000.0,156000.0,78000.0,6142000.0,231000.0,276000.0,623000.0,357000.0,579000.0,729000.0,564000.0,612000.0,408000.0,497000.0,622000.0,950000.0,1109000.0,542000.0,744000.0
Tonga,50000.0,77000.0,51000.0,70000.0,77000.0,59000.0,60000.0,59000.0,66000.0,50000.0,38000.0,46000.0,74000.0,62000.0,57000.0,99000.0,71000.0,67000.0,76000.0,94000.0,72000.0,80000.0,53000.0,77000.0,106000.0,66000.0,52000.0,24000.0,52000.0,86000.0,46000.0,53000.0
Trinidad and Tobago,819000.0,872000.0,949000.0,752000.0,1208000.0,740000.0,806000.0,730000.0,551000.0,1061000.0,1166000.0,1108000.0,1194000.0,2372000.0,935000.0,1685000.0,1425000.0,1631000.0,1136000.0,2057000.0,1670000.0,1493000.0,2602000.0,3110000.0,4400000.0,3035000.0,3238000.0,2669000.0,3404000.0,2775000.0,2087000.0,2470000.0
Tunisia,17838000.0,19841000.0,21686000.0,17249000.0,19051000.0,11346000.0,17015000.0,21106000.0,21910000.0,18322000.0,18315000.0,19806000.0,14523000.0,11343000.0,11544000.0,14060000.0,4992000.0,14042000.0,19384000.0,17943000.0,17583000.0,13430000.0,15591000.0,12543000.0,11647000.0,8661000.0,7405000.0,14438000.0,8850000.0,12769000.0,12963000.0,13792000.0
Turkmenistan,,,,4092000.0,920000.0,8375000.0,16963000.0,1300000.0,3690000.0,21051000.0,10964000.0,4319000.0,4107000.0,2300000.0,1988000.0,7666000.0,3452000.0,2202000.0,5289000.0,4623000.0,7295000.0,6292000.0,7651000.0,7036000.0,13237000.0,8215000.0,14718000.0,9025000.0,13031000.0,13065000.0,4096000.0,8107000.0
Tuvalu,0.0,20000.0,0.0,5000.0,8000.0,7000.0,7000.0,0.0,4000.0,5000.0,6000.0,3000.0,19000.0,13000.0,30000.0,30000.0,29000.0,19000.0,17000.0,27000.0,19000.0,48000.0,48000.0,28000.0,40000.0,25000.0,14000.0,19000.0,25000.0,18000.0,12000.0,16000.0
TÃ¼rkiye,1096000.0,3807000.0,2439000.0,4605000.0,2798000.0,3334000.0,4362000.0,4280000.0,4935000.0,5007000.0,7934000.0,8375000.0,2684000.0,3941000.0,5205000.0,6438000.0,7735000.0,8158000.0,11322000.0,13538000.0,21530000.0,17732000.0,13710000.0,17554000.0,16045000.0,17015000.0,41089000.0,59929000.0,38911000.0,40854000.0,44366000.0,41531000.0
Uganda,0.0,0.0,0.0,0.0,9000.0,9000.0,3000.0,13000.0,55000.0,13000.0,7000.0,13000.0,41000.0,52000.0,62000.0,27000.0,28000.0,55000.0,91000.0,147000.0,101000.0,407000.0,205000.0,211000.0,371000.0,752000.0,382000.0,279000.0,466000.0,534000.0,393000.0,473000.0
Ukraine,,,20000000.0,31000000.0,9400000.0,10900000.0,14300000.0,16195000.0,15560000.0,18300000.0,22000000.0,30989000.0,35032000.0,39308000.0,13475000.0,62121000.0,76400000.0,93430000.0,120460000.0,107195000.0,87281000.0,150707000.0,159797000.0,159169000.0,123361000.0,76348000.0,67679000.0,64001000.0,57942000.0,57334000.0,60444000.0,56528000.0
United Arab Emirates,49544000.0,63385000.0,42044000.0,77508000.0,88727000.0,77332000.0,92353000.0,95000000.0,210000000.0,152123000.0,147382000.0,102000000.0,150066000.0,229751000.0,172063000.0,69793000.0,97940000.0,324691000.0,452111000.0,279973000.0,267216000.0,226923000.0,152515000.0,311138000.0,677860000.0,468277000.0,483590000.0,303860000.0,323162000.0,210592000.0,194431000.0,187574000.0
United Kingdom of Great Britain and Northern Ireland,380884000.0,332588000.0,329408000.0,341816000.0,327301000.0,296657000.0,317940000.0,352649000.0,365438000.0,324688000.0,314603000.0,289677000.0,282789000.0,271749000.0,292019000.0,274045000.0,331383000.0,307293000.0,367564000.0,368115000.0,420716000.0,462095000.0,440515000.0,423099000.0,365239000.0,392411000.0,356023000.0,396928000.0,393130000.0,348753000.0,349763000.0,307439000.0
United Republic of Tanzania,0.0,0.0,0.0,0.0,0.0,42000.0,160000.0,102000.0,54000.0,292000.0,61000.0,20000.0,67000.0,27000.0,24000.0,19000.0,27000.0,19000.0,108000.0,63000.0,108000.0,122000.0,173000.0,233000.0,564000.0,662000.0,1262000.0,973000.0,481000.0,439000.0,469000.0,470000.0
United States of America,141624000.0,139004000.0,146069000.0,138342000.0,151654000.0,133801000.0,145446000.0,147452000.0,182012000.0,164987000.0,162002000.0,172676000.0,159851000.0,186789000.0,204881000.0,243575000.0,281846000.0,309906000.0,341056000.0,327365000.0,400729000.0,440206000.0,414317000.0,476020000.0,444532000.0,468841000.0,483137000.0,486565000.0,487294000.0,488414000.0,473832000.0,531758000.0
Uruguay,1313000.0,1346000.0,1418000.0,1224000.0,1540000.0,1632000.0,1605000.0,1688000.0,1686000.0,1497000.0,1416000.0,1544000.0,1044000.0,1194000.0,1015000.0,1191000.0,1054000.0,1150000.0,1344000.0,1388000.0,1806000.0,1683000.0,1639000.0,1838000.0,2116000.0,1948000.0,1979000.0,2077000.0,1961000.0,1724000.0,1632000.0,1920000.0
Uzbekistan,,,9700000.0,25000000.0,25489000.0,15379000.0,10000000.0,17000000.0,8000000.0,7000000.0,11080000.0,12000000.0,15412000.0,4200000.0,16377000.0,22304000.0,14085000.0,19253000.0,37005000.0,35147000.0,34850000.0,45525000.0,69255000.0,68481000.0,66034000.0,66538000.0,50202000.0,49123000.0,47337000.0,46438000.0,42316000.0,42840000.0
Vanuatu,78000.0,84000.0,99000.0,100000.0,96000.0,10000.0,130000.0,35000.0,40000.0,30000.0,40000.0,30000.0,41000.0,77000.0,26000.0,45000.0,98000.0,154000.0,172000.0,176000.0,173000.0,202000.0,104000.0,138000.0,87000.0,76000.0,73000.0,99000.0,101000.0,120000.0,66000.0,82000.0
Venezuela (Bolivarian Republic of),173000.0,226000.0,270000.0,314000.0,240000.0,478000.0,492000.0,544000.0,983000.0,951000.0,590000.0,779000.0,703000.0,225000.0,627000.0,452000.0,796000.0,920000.0,1082000.0,1300000.0,905000.0,1152000.0,1676000.0,824000.0,539000.0,423000.0,122000.0,83000.0,94000.0,51000.0,28000.0,122000.0
Viet Nam,,,,,,,,,,,,,,,,,,,,,,,6867000.0,33520000.0,7930000.0,9162000.0,10900000.0,11171000.0,23550000.0,30916000.0,16790000.0,227982000.0
Yemen,11863000.0,16000000.0,17026000.0,13884000.0,19017000.0,23613000.0,25724000.0,10233000.0,11965000.0,10347000.0,8366000.0,10160000.0,11828000.0,11705000.0,11897000.0,15356000.0,13175000.0,17346000.0,15137000.0,17352000.0,62787000.0,33633000.0,36013000.0,34235000.0,50662000.0,31891000.0,30000000.0,72155000.0,6165000.0,15905000.0,54747000.0,54342000.0
Yugoslav SFR,11087000.0,3400000.0,,,,,,,,,,,,,,,,,,,,,,,,,,,,,,
Zambia,5000.0,2000.0,9000.0,0.0,40000.0,77000.0,130000.0,263000.0,130000.0,410000.0,326000.0,583000.0,582000.0,1042000.0,2823000.0,1084000.0,1521000.0,1039000.0,1058000.0,1639000.0,1627000.0,1758000.0,2127000.0,2721000.0,3743000.0,3040000.0,3194000.0,3713000.0,3769000.0,3223000.0,2436000.0,2304000.0
Zimbabwe,101000.0,97000.0,4000.0,13000.0,12000.0,168000.0,106000.0,147000.0,288000.0,336000.0,97000.0,182000.0,700000.0,174000.0,83000.0,9000.0,273000.0,1704000.0,401000.0,690000.0,13726000.0,1234000.0,1591000.0,2430000.0,2908000.0,2917000.0,2944000.0,2885000.0,2670000.0,876000.0,587000.0,1045000.0
